"Iteration","Timestep","StratumIDSource","StateClassIDSource","StratumIDDest","StateClassIDDest","SecondaryStratumID","TertiaryStratumID","TransitionTypeID","Probability","Proportion","AgeMin","AgeMax","AgeRelative","AgeReset","TSTMin","TSTMax","TSTRelative"
"","","Dry","Agriculture:All","","Developed:All","Hawai'i","","URBANIZATION: Agriculture->Developed",1,,,,,,,,
"","","Dry","Agriculture:All","","Developed:All","Kaua'i","","URBANIZATION: Agriculture->Developed",1,,,,,,,,
"","","Dry","Agriculture:All","","Developed:All","Lana'i","","URBANIZATION: Agriculture->Developed",1,,,,,,,,
"","","Dry","Agriculture:All","","Developed:All","Maui","","URBANIZATION: Agriculture->Developed",1,,,,,,,,
"","","Dry","Agriculture:All","","Developed:All","Moloka'i","","URBANIZATION: Agriculture->Developed",1,,,,,,,,
"","","Dry","Agriculture:All","","Developed:All","O'ahu","","URBANIZATION: Agriculture->Developed",1,,,,,,,,
"","","Mesic","Agriculture:All","","Developed:All","Hawai'i","","URBANIZATION: Agriculture->Developed",1,,,,,,,,
"","","Mesic","Agriculture:All","","Developed:All","Kaua'i","","URBANIZATION: Agriculture->Developed",1,,,,,,,,
"","","Mesic","Agriculture:All","","Developed:All","Lana'i","","URBANIZATION: Agriculture->Developed",1,,,,,,,,
"","","Mesic","Agriculture:All","","Developed:All","Maui","","URBANIZATION: Agriculture->Developed",1,,,,,,,,
"","","Mesic","Agriculture:All","","Developed:All","Moloka'i","","URBANIZATION: Agriculture->Developed",1,,,,,,,,
"","","Mesic","Agriculture:All","","Developed:All","O'ahu","","URBANIZATION: Agriculture->Developed",1,,,,,,,,
"","","Wet","Agriculture:All","","Developed:All","Hawai'i","","URBANIZATION: Agriculture->Developed",1,,,,,,,,
"","","Wet","Agriculture:All","","Developed:All","Kaua'i","","URBANIZATION: Agriculture->Developed",1,,,,,,,,
"","","Wet","Agriculture:All","","Developed:All","Lana'i","","URBANIZATION: Agriculture->Developed",1,,,,,,,,
"","","Wet","Agriculture:All","","Developed:All","Maui","","URBANIZATION: Agriculture->Developed",1,,,,,,,,
"","","Wet","Agriculture:All","","Developed:All","Moloka'i","","URBANIZATION: Agriculture->Developed",1,,,,,,,,
"","","Wet","Agriculture:All","","Developed:All","O'ahu","","URBANIZATION: Agriculture->Developed",1,,,,,,,,
"","","Dry","Barren:All","","Developed:All","Hawai'i","","URBANIZATION: Barren->Developed",1,,,,,,,,
"","","Dry","Barren:All","","Developed:All","Kaua'i","","URBANIZATION: Barren->Developed",1,,,,,,,,
"","","Dry","Barren:All","","Developed:All","Lana'i","","URBANIZATION: Barren->Developed",1,,,,,,,,
"","","Dry","Barren:All","","Developed:All","Maui","","URBANIZATION: Barren->Developed",1,,,,,,,,
"","","Dry","Barren:All","","Developed:All","Moloka'i","","URBANIZATION: Barren->Developed",1,,,,,,,,
"","","Dry","Barren:All","","Developed:All","O'ahu","","URBANIZATION: Barren->Developed",1,,,,,,,,
"","","Mesic","Barren:All","","Developed:All","Hawai'i","","URBANIZATION: Barren->Developed",1,,,,,,,,
"","","Mesic","Barren:All","","Developed:All","Kaua'i","","URBANIZATION: Barren->Developed",1,,,,,,,,
"","","Mesic","Barren:All","","Developed:All","Lana'i","","URBANIZATION: Barren->Developed",1,,,,,,,,
"","","Mesic","Barren:All","","Developed:All","Maui","","URBANIZATION: Barren->Developed",1,,,,,,,,
"","","Mesic","Barren:All","","Developed:All","Moloka'i","","URBANIZATION: Barren->Developed",1,,,,,,,,
"","","Mesic","Barren:All","","Developed:All","O'ahu","","URBANIZATION: Barren->Developed",1,,,,,,,,
"","","Wet","Barren:All","","Developed:All","Hawai'i","","URBANIZATION: Barren->Developed",1,,,,,,,,
"","","Wet","Barren:All","","Developed:All","Kaua'i","","URBANIZATION: Barren->Developed",1,,,,,,,,
"","","Wet","Barren:All","","Developed:All","Lana'i","","URBANIZATION: Barren->Developed",1,,,,,,,,
"","","Wet","Barren:All","","Developed:All","Maui","","URBANIZATION: Barren->Developed",1,,,,,,,,
"","","Wet","Barren:All","","Developed:All","Moloka'i","","URBANIZATION: Barren->Developed",1,,,,,,,,
"","","Wet","Barren:All","","Developed:All","O'ahu","","URBANIZATION: Barren->Developed",1,,,,,,,,
"","","Dry","Forest:All","","Developed:All","Hawai'i","","URBANIZATION: Forest->Developed",1,,,,,,,,
"","","Dry","Forest:All","","Developed:All","Kaua'i","","URBANIZATION: Forest->Developed",1,,,,,,,,
"","","Dry","Forest:All","","Developed:All","Lana'i","","URBANIZATION: Forest->Developed",1,,,,,,,,
"","","Dry","Forest:All","","Developed:All","Maui","","URBANIZATION: Forest->Developed",1,,,,,,,,
"","","Dry","Forest:All","","Developed:All","Moloka'i","","URBANIZATION: Forest->Developed",1,,,,,,,,
"","","Dry","Forest:All","","Developed:All","O'ahu","","URBANIZATION: Forest->Developed",1,,,,,,,,
"","","Mesic","Forest:All","","Developed:All","Hawai'i","","URBANIZATION: Forest->Developed",1,,,,,,,,
"","","Mesic","Forest:All","","Developed:All","Kaua'i","","URBANIZATION: Forest->Developed",1,,,,,,,,
"","","Mesic","Forest:All","","Developed:All","Lana'i","","URBANIZATION: Forest->Developed",1,,,,,,,,
"","","Mesic","Forest:All","","Developed:All","Maui","","URBANIZATION: Forest->Developed",1,,,,,,,,
"","","Mesic","Forest:All","","Developed:All","Moloka'i","","URBANIZATION: Forest->Developed",1,,,,,,,,
"","","Mesic","Forest:All","","Developed:All","O'ahu","","URBANIZATION: Forest->Developed",1,,,,,,,,
"","","Wet","Forest:All","","Developed:All","Hawai'i","","URBANIZATION: Forest->Developed",1,,,,,,,,
"","","Wet","Forest:All","","Developed:All","Kaua'i","","URBANIZATION: Forest->Developed",1,,,,,,,,
"","","Wet","Forest:All","","Developed:All","Lana'i","","URBANIZATION: Forest->Developed",1,,,,,,,,
"","","Wet","Forest:All","","Developed:All","Maui","","URBANIZATION: Forest->Developed",1,,,,,,,,
"","","Wet","Forest:All","","Developed:All","Moloka'i","","URBANIZATION: Forest->Developed",1,,,,,,,,
"","","Wet","Forest:All","","Developed:All","O'ahu","","URBANIZATION: Forest->Developed",1,,,,,,,,
"","","Dry","Grassland:All","","Developed:All","Hawai'i","","URBANIZATION: Grassland->Developed",1,,,,,,,,
"","","Dry","Grassland:All","","Developed:All","Kaua'i","","URBANIZATION: Grassland->Developed",1,,,,,,,,
"","","Dry","Grassland:All","","Developed:All","Lana'i","","URBANIZATION: Grassland->Developed",1,,,,,,,,
"","","Dry","Grassland:All","","Developed:All","Maui","","URBANIZATION: Grassland->Developed",1,,,,,,,,
"","","Dry","Grassland:All","","Developed:All","Moloka'i","","URBANIZATION: Grassland->Developed",1,,,,,,,,
"","","Dry","Grassland:All","","Developed:All","O'ahu","","URBANIZATION: Grassland->Developed",1,,,,,,,,
"","","Mesic","Grassland:All","","Developed:All","Hawai'i","","URBANIZATION: Grassland->Developed",1,,,,,,,,
"","","Mesic","Grassland:All","","Developed:All","Kaua'i","","URBANIZATION: Grassland->Developed",1,,,,,,,,
"","","Mesic","Grassland:All","","Developed:All","Lana'i","","URBANIZATION: Grassland->Developed",1,,,,,,,,
"","","Mesic","Grassland:All","","Developed:All","Maui","","URBANIZATION: Grassland->Developed",1,,,,,,,,
"","","Mesic","Grassland:All","","Developed:All","Moloka'i","","URBANIZATION: Grassland->Developed",1,,,,,,,,
"","","Mesic","Grassland:All","","Developed:All","O'ahu","","URBANIZATION: Grassland->Developed",1,,,,,,,,
"","","Wet","Grassland:All","","Developed:All","Hawai'i","","URBANIZATION: Grassland->Developed",1,,,,,,,,
"","","Wet","Grassland:All","","Developed:All","Kaua'i","","URBANIZATION: Grassland->Developed",1,,,,,,,,
"","","Wet","Grassland:All","","Developed:All","Lana'i","","URBANIZATION: Grassland->Developed",1,,,,,,,,
"","","Wet","Grassland:All","","Developed:All","Maui","","URBANIZATION: Grassland->Developed",1,,,,,,,,
"","","Wet","Grassland:All","","Developed:All","Moloka'i","","URBANIZATION: Grassland->Developed",1,,,,,,,,
"","","Wet","Grassland:All","","Developed:All","O'ahu","","URBANIZATION: Grassland->Developed",1,,,,,,,,
"","","Dry","Shrubland:All","","Developed:All","Hawai'i","","URBANIZATION: Shrubland->Developed",1,,,,,,,,
"","","Dry","Shrubland:All","","Developed:All","Kaua'i","","URBANIZATION: Shrubland->Developed",1,,,,,,,,
"","","Dry","Shrubland:All","","Developed:All","Lana'i","","URBANIZATION: Shrubland->Developed",1,,,,,,,,
"","","Dry","Shrubland:All","","Developed:All","Maui","","URBANIZATION: Shrubland->Developed",1,,,,,,,,
"","","Dry","Shrubland:All","","Developed:All","Moloka'i","","URBANIZATION: Shrubland->Developed",1,,,,,,,,
"","","Dry","Shrubland:All","","Developed:All","O'ahu","","URBANIZATION: Shrubland->Developed",1,,,,,,,,
"","","Mesic","Shrubland:All","","Developed:All","Hawai'i","","URBANIZATION: Shrubland->Developed",1,,,,,,,,
"","","Mesic","Shrubland:All","","Developed:All","Kaua'i","","URBANIZATION: Shrubland->Developed",1,,,,,,,,
"","","Mesic","Shrubland:All","","Developed:All","Lana'i","","URBANIZATION: Shrubland->Developed",1,,,,,,,,
"","","Mesic","Shrubland:All","","Developed:All","Maui","","URBANIZATION: Shrubland->Developed",1,,,,,,,,
"","","Mesic","Shrubland:All","","Developed:All","Moloka'i","","URBANIZATION: Shrubland->Developed",1,,,,,,,,
"","","Mesic","Shrubland:All","","Developed:All","O'ahu","","URBANIZATION: Shrubland->Developed",1,,,,,,,,
"","","Wet","Shrubland:All","","Developed:All","Hawai'i","","URBANIZATION: Shrubland->Developed",1,,,,,,,,
"","","Wet","Shrubland:All","","Developed:All","Kaua'i","","URBANIZATION: Shrubland->Developed",1,,,,,,,,
"","","Wet","Shrubland:All","","Developed:All","Lana'i","","URBANIZATION: Shrubland->Developed",1,,,,,,,,
"","","Wet","Shrubland:All","","Developed:All","Maui","","URBANIZATION: Shrubland->Developed",1,,,,,,,,
"","","Wet","Shrubland:All","","Developed:All","Moloka'i","","URBANIZATION: Shrubland->Developed",1,,,,,,,,
"","","Wet","Shrubland:All","","Developed:All","O'ahu","","URBANIZATION: Shrubland->Developed",1,,,,,,,,
"","","Dry","Agriculture:All","","Forest:All","Hawai'i","","AGRICULTURAL CONTRACTION: Ag->Forest",1,,,,,,,,
"","","Dry","Agriculture:All","","Forest:All","Kaua'i","","AGRICULTURAL CONTRACTION: Ag->Forest",1,,,,,,,,
"","","Dry","Agriculture:All","","Forest:All","Lana'i","","AGRICULTURAL CONTRACTION: Ag->Forest",1,,,,,,,,
"","","Dry","Agriculture:All","","Forest:All","Maui","","AGRICULTURAL CONTRACTION: Ag->Forest",1,,,,,,,,
"","","Dry","Agriculture:All","","Forest:All","Moloka'i","","AGRICULTURAL CONTRACTION: Ag->Forest",1,,,,,,,,
"","","Dry","Agriculture:All","","Forest:All","O'ahu","","AGRICULTURAL CONTRACTION: Ag->Forest",1,,,,,,,,
"","","Mesic","Agriculture:All","","Forest:All","Hawai'i","","AGRICULTURAL CONTRACTION: Ag->Forest",1,,,,,,,,
"","","Mesic","Agriculture:All","","Forest:All","Kaua'i","","AGRICULTURAL CONTRACTION: Ag->Forest",1,,,,,,,,
"","","Mesic","Agriculture:All","","Forest:All","Lana'i","","AGRICULTURAL CONTRACTION: Ag->Forest",1,,,,,,,,
"","","Mesic","Agriculture:All","","Forest:All","Maui","","AGRICULTURAL CONTRACTION: Ag->Forest",1,,,,,,,,
"","","Mesic","Agriculture:All","","Forest:All","Moloka'i","","AGRICULTURAL CONTRACTION: Ag->Forest",1,,,,,,,,
"","","Mesic","Agriculture:All","","Forest:All","O'ahu","","AGRICULTURAL CONTRACTION: Ag->Forest",1,,,,,,,,
"","","Wet","Agriculture:All","","Forest:All","Hawai'i","","AGRICULTURAL CONTRACTION: Ag->Forest",1,,,,,,,,
"","","Wet","Agriculture:All","","Forest:All","Kaua'i","","AGRICULTURAL CONTRACTION: Ag->Forest",1,,,,,,,,
"","","Wet","Agriculture:All","","Forest:All","Lana'i","","AGRICULTURAL CONTRACTION: Ag->Forest",1,,,,,,,,
"","","Wet","Agriculture:All","","Forest:All","Maui","","AGRICULTURAL CONTRACTION: Ag->Forest",1,,,,,,,,
"","","Wet","Agriculture:All","","Forest:All","Moloka'i","","AGRICULTURAL CONTRACTION: Ag->Forest",1,,,,,,,,
"","","Wet","Agriculture:All","","Forest:All","O'ahu","","AGRICULTURAL CONTRACTION: Ag->Forest",1,,,,,,,,
"","","Dry","Agriculture:All","","Grassland:All","Hawai'i","","AGRICULTURAL CONTRACTION: Ag->Grassland",1,,,,,,,,
"","","Dry","Agriculture:All","","Grassland:All","Kaua'i","","AGRICULTURAL CONTRACTION: Ag->Grassland",1,,,,,,,,
"","","Dry","Agriculture:All","","Grassland:All","Lana'i","","AGRICULTURAL CONTRACTION: Ag->Grassland",1,,,,,,,,
"","","Dry","Agriculture:All","","Grassland:All","Maui","","AGRICULTURAL CONTRACTION: Ag->Grassland",1,,,,,,,,
"","","Dry","Agriculture:All","","Grassland:All","Moloka'i","","AGRICULTURAL CONTRACTION: Ag->Grassland",1,,,,,,,,
"","","Dry","Agriculture:All","","Grassland:All","O'ahu","","AGRICULTURAL CONTRACTION: Ag->Grassland",1,,,,,,,,
"","","Mesic","Agriculture:All","","Grassland:All","Hawai'i","","AGRICULTURAL CONTRACTION: Ag->Grassland",1,,,,,,,,
"","","Mesic","Agriculture:All","","Grassland:All","Kaua'i","","AGRICULTURAL CONTRACTION: Ag->Grassland",1,,,,,,,,
"","","Mesic","Agriculture:All","","Grassland:All","Lana'i","","AGRICULTURAL CONTRACTION: Ag->Grassland",1,,,,,,,,
"","","Mesic","Agriculture:All","","Grassland:All","Maui","","AGRICULTURAL CONTRACTION: Ag->Grassland",1,,,,,,,,
"","","Mesic","Agriculture:All","","Grassland:All","Moloka'i","","AGRICULTURAL CONTRACTION: Ag->Grassland",1,,,,,,,,
"","","Mesic","Agriculture:All","","Grassland:All","O'ahu","","AGRICULTURAL CONTRACTION: Ag->Grassland",1,,,,,,,,
"","","Wet","Agriculture:All","","Grassland:All","Hawai'i","","AGRICULTURAL CONTRACTION: Ag->Grassland",1,,,,,,,,
"","","Wet","Agriculture:All","","Grassland:All","Kaua'i","","AGRICULTURAL CONTRACTION: Ag->Grassland",1,,,,,,,,
"","","Wet","Agriculture:All","","Grassland:All","Lana'i","","AGRICULTURAL CONTRACTION: Ag->Grassland",1,,,,,,,,
"","","Wet","Agriculture:All","","Grassland:All","Maui","","AGRICULTURAL CONTRACTION: Ag->Grassland",1,,,,,,,,
"","","Wet","Agriculture:All","","Grassland:All","Moloka'i","","AGRICULTURAL CONTRACTION: Ag->Grassland",1,,,,,,,,
"","","Wet","Agriculture:All","","Grassland:All","O'ahu","","AGRICULTURAL CONTRACTION: Ag->Grassland",1,,,,,,,,
"","","Dry","Agriculture:All","","Shrubland:All","Hawai'i","","AGRICULTURAL CONTRACTION: Ag->Shrubland",1,,,,,,,,
"","","Dry","Agriculture:All","","Shrubland:All","Kaua'i","","AGRICULTURAL CONTRACTION: Ag->Shrubland",1,,,,,,,,
"","","Dry","Agriculture:All","","Shrubland:All","Lana'i","","AGRICULTURAL CONTRACTION: Ag->Shrubland",1,,,,,,,,
"","","Dry","Agriculture:All","","Shrubland:All","Maui","","AGRICULTURAL CONTRACTION: Ag->Shrubland",1,,,,,,,,
"","","Dry","Agriculture:All","","Shrubland:All","Moloka'i","","AGRICULTURAL CONTRACTION: Ag->Shrubland",1,,,,,,,,
"","","Dry","Agriculture:All","","Shrubland:All","O'ahu","","AGRICULTURAL CONTRACTION: Ag->Shrubland",1,,,,,,,,
"","","Mesic","Agriculture:All","","Shrubland:All","Hawai'i","","AGRICULTURAL CONTRACTION: Ag->Shrubland",1,,,,,,,,
"","","Mesic","Agriculture:All","","Shrubland:All","Kaua'i","","AGRICULTURAL CONTRACTION: Ag->Shrubland",1,,,,,,,,
"","","Mesic","Agriculture:All","","Shrubland:All","Lana'i","","AGRICULTURAL CONTRACTION: Ag->Shrubland",1,,,,,,,,
"","","Mesic","Agriculture:All","","Shrubland:All","Maui","","AGRICULTURAL CONTRACTION: Ag->Shrubland",1,,,,,,,,
"","","Mesic","Agriculture:All","","Shrubland:All","Moloka'i","","AGRICULTURAL CONTRACTION: Ag->Shrubland",1,,,,,,,,
"","","Mesic","Agriculture:All","","Shrubland:All","O'ahu","","AGRICULTURAL CONTRACTION: Ag->Shrubland",1,,,,,,,,
"","","Wet","Agriculture:All","","Shrubland:All","Hawai'i","","AGRICULTURAL CONTRACTION: Ag->Shrubland",1,,,,,,,,
"","","Wet","Agriculture:All","","Shrubland:All","Kaua'i","","AGRICULTURAL CONTRACTION: Ag->Shrubland",1,,,,,,,,
"","","Wet","Agriculture:All","","Shrubland:All","Lana'i","","AGRICULTURAL CONTRACTION: Ag->Shrubland",1,,,,,,,,
"","","Wet","Agriculture:All","","Shrubland:All","Maui","","AGRICULTURAL CONTRACTION: Ag->Shrubland",1,,,,,,,,
"","","Wet","Agriculture:All","","Shrubland:All","Moloka'i","","AGRICULTURAL CONTRACTION: Ag->Shrubland",1,,,,,,,,
"","","Wet","Agriculture:All","","Shrubland:All","O'ahu","","AGRICULTURAL CONTRACTION: Ag->Shrubland",1,,,,,,,,
"","","Dry","Forest:All","","Agriculture:All","Hawai'i","","AGRICULTURAL EXPANSION: Forest->Ag",1,,,,,,,,
"","","Dry","Forest:All","","Agriculture:All","Kaua'i","","AGRICULTURAL EXPANSION: Forest->Ag",1,,,,,,,,
"","","Dry","Forest:All","","Agriculture:All","Lana'i","","AGRICULTURAL EXPANSION: Forest->Ag",1,,,,,,,,
"","","Dry","Forest:All","","Agriculture:All","Maui","","AGRICULTURAL EXPANSION: Forest->Ag",1,,,,,,,,
"","","Dry","Forest:All","","Agriculture:All","Moloka'i","","AGRICULTURAL EXPANSION: Forest->Ag",1,,,,,,,,
"","","Dry","Forest:All","","Agriculture:All","O'ahu","","AGRICULTURAL EXPANSION: Forest->Ag",1,,,,,,,,
"","","Mesic","Forest:All","","Agriculture:All","Hawai'i","","AGRICULTURAL EXPANSION: Forest->Ag",1,,,,,,,,
"","","Mesic","Forest:All","","Agriculture:All","Kaua'i","","AGRICULTURAL EXPANSION: Forest->Ag",1,,,,,,,,
"","","Mesic","Forest:All","","Agriculture:All","Lana'i","","AGRICULTURAL EXPANSION: Forest->Ag",1,,,,,,,,
"","","Mesic","Forest:All","","Agriculture:All","Maui","","AGRICULTURAL EXPANSION: Forest->Ag",1,,,,,,,,
"","","Mesic","Forest:All","","Agriculture:All","Moloka'i","","AGRICULTURAL EXPANSION: Forest->Ag",1,,,,,,,,
"","","Mesic","Forest:All","","Agriculture:All","O'ahu","","AGRICULTURAL EXPANSION: Forest->Ag",1,,,,,,,,
"","","Wet","Forest:All","","Agriculture:All","Hawai'i","","AGRICULTURAL EXPANSION: Forest->Ag",1,,,,,,,,
"","","Wet","Forest:All","","Agriculture:All","Kaua'i","","AGRICULTURAL EXPANSION: Forest->Ag",1,,,,,,,,
"","","Wet","Forest:All","","Agriculture:All","Lana'i","","AGRICULTURAL EXPANSION: Forest->Ag",1,,,,,,,,
"","","Wet","Forest:All","","Agriculture:All","Maui","","AGRICULTURAL EXPANSION: Forest->Ag",1,,,,,,,,
"","","Wet","Forest:All","","Agriculture:All","Moloka'i","","AGRICULTURAL EXPANSION: Forest->Ag",1,,,,,,,,
"","","Wet","Forest:All","","Agriculture:All","O'ahu","","AGRICULTURAL EXPANSION: Forest->Ag",1,,,,,,,,
"","","Dry","Grassland:All","","Agriculture:All","Hawai'i","","AGRICULTURAL EXPANSION: Grassland->Ag",1,,,,,,,,
"","","Dry","Grassland:All","","Agriculture:All","Kaua'i","","AGRICULTURAL EXPANSION: Grassland->Ag",1,,,,,,,,
"","","Dry","Grassland:All","","Agriculture:All","Lana'i","","AGRICULTURAL EXPANSION: Grassland->Ag",1,,,,,,,,
"","","Dry","Grassland:All","","Agriculture:All","Maui","","AGRICULTURAL EXPANSION: Grassland->Ag",1,,,,,,,,
"","","Dry","Grassland:All","","Agriculture:All","Moloka'i","","AGRICULTURAL EXPANSION: Grassland->Ag",1,,,,,,,,
"","","Dry","Grassland:All","","Agriculture:All","O'ahu","","AGRICULTURAL EXPANSION: Grassland->Ag",1,,,,,,,,
"","","Mesic","Grassland:All","","Agriculture:All","Hawai'i","","AGRICULTURAL EXPANSION: Grassland->Ag",1,,,,,,,,
"","","Mesic","Grassland:All","","Agriculture:All","Kaua'i","","AGRICULTURAL EXPANSION: Grassland->Ag",1,,,,,,,,
"","","Mesic","Grassland:All","","Agriculture:All","Lana'i","","AGRICULTURAL EXPANSION: Grassland->Ag",1,,,,,,,,
"","","Mesic","Grassland:All","","Agriculture:All","Maui","","AGRICULTURAL EXPANSION: Grassland->Ag",1,,,,,,,,
"","","Mesic","Grassland:All","","Agriculture:All","Moloka'i","","AGRICULTURAL EXPANSION: Grassland->Ag",1,,,,,,,,
"","","Mesic","Grassland:All","","Agriculture:All","O'ahu","","AGRICULTURAL EXPANSION: Grassland->Ag",1,,,,,,,,
"","","Wet","Grassland:All","","Agriculture:All","Hawai'i","","AGRICULTURAL EXPANSION: Grassland->Ag",1,,,,,,,,
"","","Wet","Grassland:All","","Agriculture:All","Kaua'i","","AGRICULTURAL EXPANSION: Grassland->Ag",1,,,,,,,,
"","","Wet","Grassland:All","","Agriculture:All","Lana'i","","AGRICULTURAL EXPANSION: Grassland->Ag",1,,,,,,,,
"","","Wet","Grassland:All","","Agriculture:All","Maui","","AGRICULTURAL EXPANSION: Grassland->Ag",1,,,,,,,,
"","","Wet","Grassland:All","","Agriculture:All","Moloka'i","","AGRICULTURAL EXPANSION: Grassland->Ag",1,,,,,,,,
"","","Wet","Grassland:All","","Agriculture:All","O'ahu","","AGRICULTURAL EXPANSION: Grassland->Ag",1,,,,,,,,
"","","Dry","Shrubland:All","","Agriculture:All","Hawai'i","","AGRICULTURAL EXPANSION: Shrubland->Ag",1,,,,,,,,
"","","Dry","Shrubland:All","","Agriculture:All","Kaua'i","","AGRICULTURAL EXPANSION: Shrubland->Ag",1,,,,,,,,
"","","Dry","Shrubland:All","","Agriculture:All","Lana'i","","AGRICULTURAL EXPANSION: Shrubland->Ag",1,,,,,,,,
"","","Dry","Shrubland:All","","Agriculture:All","Maui","","AGRICULTURAL EXPANSION: Shrubland->Ag",1,,,,,,,,
"","","Dry","Shrubland:All","","Agriculture:All","Moloka'i","","AGRICULTURAL EXPANSION: Shrubland->Ag",1,,,,,,,,
"","","Dry","Shrubland:All","","Agriculture:All","O'ahu","","AGRICULTURAL EXPANSION: Shrubland->Ag",1,,,,,,,,
"","","Mesic","Shrubland:All","","Agriculture:All","Hawai'i","","AGRICULTURAL EXPANSION: Shrubland->Ag",1,,,,,,,,
"","","Mesic","Shrubland:All","","Agriculture:All","Kaua'i","","AGRICULTURAL EXPANSION: Shrubland->Ag",1,,,,,,,,
"","","Mesic","Shrubland:All","","Agriculture:All","Lana'i","","AGRICULTURAL EXPANSION: Shrubland->Ag",1,,,,,,,,
"","","Mesic","Shrubland:All","","Agriculture:All","Maui","","AGRICULTURAL EXPANSION: Shrubland->Ag",1,,,,,,,,
"","","Mesic","Shrubland:All","","Agriculture:All","Moloka'i","","AGRICULTURAL EXPANSION: Shrubland->Ag",1,,,,,,,,
"","","Mesic","Shrubland:All","","Agriculture:All","O'ahu","","AGRICULTURAL EXPANSION: Shrubland->Ag",1,,,,,,,,
"","","Wet","Shrubland:All","","Agriculture:All","Hawai'i","","AGRICULTURAL EXPANSION: Shrubland->Ag",1,,,,,,,,
"","","Wet","Shrubland:All","","Agriculture:All","Kaua'i","","AGRICULTURAL EXPANSION: Shrubland->Ag",1,,,,,,,,
"","","Wet","Shrubland:All","","Agriculture:All","Lana'i","","AGRICULTURAL EXPANSION: Shrubland->Ag",1,,,,,,,,
"","","Wet","Shrubland:All","","Agriculture:All","Maui","","AGRICULTURAL EXPANSION: Shrubland->Ag",1,,,,,,,,
"","","Wet","Shrubland:All","","Agriculture:All","Moloka'i","","AGRICULTURAL EXPANSION: Shrubland->Ag",1,,,,,,,,
"","","Wet","Shrubland:All","","Agriculture:All","O'ahu","","AGRICULTURAL EXPANSION: Shrubland->Ag",1,,,,,,,,
"","","Dry","Forest:All","","Grassland:All","","","FIRE: Forest High Severity",1,0.0087,,,"","",,,
"","","Mesic","Forest:All","","Grassland:All","","","FIRE: Forest High Severity",1,0.1207,,,"","",,,
"","","Wet","Forest:All","","Grassland:All","","","FIRE: Forest High Severity",1,0.0052,,,"","",,,
"","","Dry","Forest:All","","Forest:All","","","FIRE: Forest Low Severity",1,0.9086,,,"","No",,,
"","","Mesic","Forest:All","","Forest:All","","","FIRE: Forest Low Severity",1,0.5469,,,"","No",,,
"","","Wet","Forest:All","","Forest:All","","","FIRE: Forest Low Severity",1,0.6496,,,"","No",,,
"","","Dry","Forest:All","","Grassland:All","","","FIRE: Forest Medium Severity",1,0.0826,,,"","No",,,
"","","Mesic","Forest:All","","Grassland:All","","","FIRE: Forest Medium Severity",1,0.3324,,,"","No",,,
"","","Wet","Forest:All","","Grassland:All","","","FIRE: Forest Medium Severity",1,0.3452,,,"","No",,,
"","","Dry","Grassland:All","","Grassland:All","","","FIRE: Grassland High Severity",1,0.015,,,"","",,,
"","","Mesic","Grassland:All","","Grassland:All","","","FIRE: Grassland High Severity",1,0.0109,,,"","",,,
"","","Wet","Grassland:All","","Grassland:All","","","FIRE: Grassland High Severity",1,0.0056,,,"","",,,
"","","Dry","Grassland:All","","Grassland:All","","","FIRE: Grassland Low Severity",1,0.8801,,,"","",,,
"","","Mesic","Grassland:All","","Grassland:All","","","FIRE: Grassland Low Severity",1,0.8271,,,"","",,,
"","","Wet","Grassland:All","","Grassland:All","","","FIRE: Grassland Low Severity",1,0.7178,,,"","",,,
"","","Dry","Grassland:All","","Grassland:All","","","FIRE: Grassland Medium Severity",1,0.1074,,,"","",,,
"","","Mesic","Grassland:All","","Grassland:All","","","FIRE: Grassland Medium Severity",1,0.162,,,"","",,,
"","","Wet","Grassland:All","","Grassland:All","","","FIRE: Grassland Medium Severity",1,0.2767,,,"","",,,
"","","Dry","Shrubland:All","","Grassland:All","","","FIRE: Shrubland High Severity",1,0.0047,,,"","",,,
"","","Mesic","Shrubland:All","","Grassland:All","","","FIRE: Shrubland High Severity",1,0.0637,,,"","",,,
"","","Wet","Shrubland:All","","Grassland:All","","","FIRE: Shrubland High Severity",1,0.0348,,,"","",,,
"","","Dry","Shrubland:All","","Shrubland:All","","","FIRE: Shrubland Low Severity",1,0.8629,,,"","No",,,
"","","Mesic","Shrubland:All","","Shrubland:All","","","FIRE: Shrubland Low Severity",1,0.5454,,,"","No",,,
"","","Wet","Shrubland:All","","Shrubland:All","","","FIRE: Shrubland Low Severity",1,0.275,,,"","No",,,
"","","Dry","Shrubland:All","","Grassland:All","","","FIRE: Shrubland Medium Severity",1,0.1325,,,"","",,,
"","","Mesic","Shrubland:All","","Grassland:All","","","FIRE: Shrubland Medium Severity",1,0.391,,,"","",,,
"","","Wet","Shrubland:All","","Grassland:All","","","FIRE: Shrubland Medium Severity",1,0.6902,,,"","",,,
"","","Dry","Agriculture:All","","Agriculture:All","","","FIRE: Ag High Severity",1,0.015,,,"","",,,
"","","Mesic","Agriculture:All","","Agriculture:All","","","FIRE: Ag High Severity",1,0.0109,,,"","",,,
"","","Wet","Agriculture:All","","Agriculture:All","","","FIRE: Ag High Severity",1,0.0056,,,"","",,,
"","","Dry","Agriculture:All","","Agriculture:All","","","FIRE: Ag Low Severity",1,0.8801,,,"","",,,
"","","Mesic","Agriculture:All","","Agriculture:All","","","FIRE: Ag Low Severity",1,0.8271,,,"","",,,
"","","Wet","Agriculture:All","","Agriculture:All","","","FIRE: Ag Low Severity",1,0.7178,,,"","",,,
"","","Dry","Agriculture:All","","Agriculture:All","","","FIRE: Ag Medium Severity",1,0.1074,,,"","",,,
"","","Mesic","Agriculture:All","","Agriculture:All","","","FIRE: Ag Medium Severity",1,0.162,,,"","",,,
"","","Wet","Agriculture:All","","Agriculture:All","","","FIRE: Ag Medium Severity",1,0.2767,,,"","",,,
"","","Dry","Plantation:All","","Grassland:All","","","FIRE: Plantation High Severity",1,0.0087,,,"","",,,
"","","Mesic","Plantation:All","","Grassland:All","","","FIRE: Plantation High Severity",1,0.1207,,,"","",,,
"","","Wet","Plantation:All","","Grassland:All","","","FIRE: Plantation High Severity",1,0.0052,,,"","",,,
"","","Dry","Plantation:All","","Plantation:All","","","FIRE: Plantation Low Severity",1,0.9086,,,"","No",,,
"","","Mesic","Plantation:All","","Plantation:All","","","FIRE: Plantation Low Severity",1,0.5469,,,"","No",,,
"","","Wet","Plantation:All","","Plantation:All","","","FIRE: Plantation Low Severity",1,0.6496,,,"","No",,,
"","","Dry","Plantation:All","","Plantation:All","","","FIRE: Plantation Medium Severity",1,0.0826,,,"","No",,,
"","","Mesic","Plantation:All","","Plantation:All","","","FIRE: Plantation Medium Severity",1,0.3324,,,"","No",,,
"","","Wet","Plantation:All","","Plantation:All","","","FIRE: Plantation Medium Severity",1,0.3452,,,"","No",,,
"","","Dry","WoodyCrop:All","","Grassland:All","","","FIRE: WoodyCrop High Severity",1,0.0087,,,"","",,,
"","","Mesic","WoodyCrop:All","","Grassland:All","","","FIRE: WoodyCrop High Severity",1,0.1207,,,"","",,,
"","","Wet","WoodyCrop:All","","Grassland:All","","","FIRE: WoodyCrop High Severity",1,0.0052,,,"","",,,
"","","Dry","WoodyCrop:All","","WoodyCrop:All","","","FIRE: WoodyCrop Low Severity",1,0.9086,,,"","No",,,
"","","Mesic","WoodyCrop:All","","WoodyCrop:All","","","FIRE: WoodyCrop Low Severity",1,0.5469,,,"","No",,,
"","","Wet","WoodyCrop:All","","WoodyCrop:All","","","FIRE: WoodyCrop Low Severity",1,0.6496,,,"","No",,,
"","","Dry","WoodyCrop:All","","WoodyCrop:All","","","FIRE: WoodyCrop Medium Severity",1,0.0826,,,"","No",,,
"","","Mesic","WoodyCrop:All","","WoodyCrop:All","","","FIRE: WoodyCrop Medium Severity",1,0.3324,,,"","No",,,
"","","Wet","WoodyCrop:All","","WoodyCrop:All","","","FIRE: WoodyCrop Medium Severity",1,0.3452,,,"","No",,,
"","","Dry","Plantation:All","","Plantation:All","Hawai'i","","MANAGEMENT: Plantation Harvest",1,,5,,,,,,
"","","Dry","Plantation:All","","Plantation:All","Moloka'i","","MANAGEMENT: Plantation Harvest",1,,5,,,,,,
"","","Dry","Plantation:All","","Plantation:All","O'ahu","","MANAGEMENT: Plantation Harvest",1,,5,,,,,,
"","","Dry","Plantation:All","","Plantation:All","Kaua'i","","MANAGEMENT: Plantation Harvest",1,,5,,,,,,
"","","Mesic","Plantation:All","","Plantation:All","Hawai'i","","MANAGEMENT: Plantation Harvest",1,,5,,,,,,
"","","Mesic","Plantation:All","","Plantation:All","Moloka'i","","MANAGEMENT: Plantation Harvest",1,,5,,,,,,
"","","Mesic","Plantation:All","","Plantation:All","O'ahu","","MANAGEMENT: Plantation Harvest",1,,5,,,,,,
"","","Mesic","Plantation:All","","Plantation:All","Kaua'i","","MANAGEMENT: Plantation Harvest",1,,5,,,,,,
"","","Wet","Plantation:All","","Plantation:All","Hawai'i","","MANAGEMENT: Plantation Harvest",1,,5,,,,,,
"","","Wet","Plantation:All","","Plantation:All","Moloka'i","","MANAGEMENT: Plantation Harvest",1,,5,,,,,,
"","","Wet","Plantation:All","","Plantation:All","O'ahu","","MANAGEMENT: Plantation Harvest",1,,5,,,,,,
"","","Wet","Plantation:All","","Plantation:All","Kaua'i","","MANAGEMENT: Plantation Harvest",1,,5,,,,,,
"","","Dry","Plantation:All","","Agriculture:All","Hawai'i","","MANAGEMENT: Plantation->Ag",1,,5,,,,,,
"","","Dry","Plantation:All","","Agriculture:All","Moloka'i","","MANAGEMENT: Plantation->Ag",1,,5,,,,,,
"","","Dry","Plantation:All","","Agriculture:All","O'ahu","","MANAGEMENT: Plantation->Ag",1,,5,,,,,,
"","","Dry","Plantation:All","","Agriculture:All","Kaua'i","","MANAGEMENT: Plantation->Ag",1,,5,,,,,,
"","","Mesic","Plantation:All","","Agriculture:All","Hawai'i","","MANAGEMENT: Plantation->Ag",1,,5,,,,,,
"","","Mesic","Plantation:All","","Agriculture:All","Moloka'i","","MANAGEMENT: Plantation->Ag",1,,5,,,,,,
"","","Mesic","Plantation:All","","Agriculture:All","O'ahu","","MANAGEMENT: Plantation->Ag",1,,5,,,,,,
"","","Mesic","Plantation:All","","Agriculture:All","Kaua'i","","MANAGEMENT: Plantation->Ag",1,,5,,,,,,
"","","Wet","Plantation:All","","Agriculture:All","Hawai'i","","MANAGEMENT: Plantation->Ag",1,,5,,,,,,
"","","Wet","Plantation:All","","Agriculture:All","Moloka'i","","MANAGEMENT: Plantation->Ag",1,,5,,,,,,
"","","Wet","Plantation:All","","Agriculture:All","O'ahu","","MANAGEMENT: Plantation->Ag",1,,5,,,,,,
"","","Wet","Plantation:All","","Agriculture:All","Kaua'i","","MANAGEMENT: Plantation->Ag",1,,5,,,,,,
"","","Dry","Plantation:All","","Grassland:All","Hawai'i","","MANAGEMENT: Plantation->Grassland",1,,5,,,,,,
"","","Dry","Plantation:All","","Grassland:All","Moloka'i","","MANAGEMENT: Plantation->Grassland",1,,5,,,,,,
"","","Dry","Plantation:All","","Grassland:All","O'ahu","","MANAGEMENT: Plantation->Grassland",1,,5,,,,,,
"","","Dry","Plantation:All","","Grassland:All","Kaua'i","","MANAGEMENT: Plantation->Grassland",1,,5,,,,,,
"","","Mesic","Plantation:All","","Grassland:All","Hawai'i","","MANAGEMENT: Plantation->Grassland",1,,5,,,,,,
"","","Mesic","Plantation:All","","Grassland:All","Moloka'i","","MANAGEMENT: Plantation->Grassland",1,,5,,,,,,
"","","Mesic","Plantation:All","","Grassland:All","O'ahu","","MANAGEMENT: Plantation->Grassland",1,,5,,,,,,
"","","Mesic","Plantation:All","","Grassland:All","Kaua'i","","MANAGEMENT: Plantation->Grassland",1,,5,,,,,,
"","","Wet","Plantation:All","","Grassland:All","Hawai'i","","MANAGEMENT: Plantation->Grassland",1,,5,,,,,,
"","","Wet","Plantation:All","","Grassland:All","Moloka'i","","MANAGEMENT: Plantation->Grassland",1,,5,,,,,,
"","","Wet","Plantation:All","","Grassland:All","O'ahu","","MANAGEMENT: Plantation->Grassland",1,,5,,,,,,
"","","Wet","Plantation:All","","Grassland:All","Kaua'i","","MANAGEMENT: Plantation->Grassland",1,,5,,,,,,
"","","Dry","Plantation:All","","WoodyCrop:All","Hawai'i","","MANAGEMENT: Plantation->WoodyCrop",1,,5,,,,,,
"","","Dry","Plantation:All","","WoodyCrop:All","Moloka'i","","MANAGEMENT: Plantation->WoodyCrop",1,,5,,,,,,
"","","Dry","Plantation:All","","WoodyCrop:All","O'ahu","","MANAGEMENT: Plantation->WoodyCrop",1,,5,,,,,,
"","","Dry","Plantation:All","","WoodyCrop:All","Kaua'i","","MANAGEMENT: Plantation->WoodyCrop",1,,5,,,,,,
"","","Mesic","Plantation:All","","WoodyCrop:All","Hawai'i","","MANAGEMENT: Plantation->WoodyCrop",1,,5,,,,,,
"","","Mesic","Plantation:All","","WoodyCrop:All","Moloka'i","","MANAGEMENT: Plantation->WoodyCrop",1,,5,,,,,,
"","","Mesic","Plantation:All","","WoodyCrop:All","O'ahu","","MANAGEMENT: Plantation->WoodyCrop",1,,5,,,,,,
"","","Mesic","Plantation:All","","WoodyCrop:All","Kaua'i","","MANAGEMENT: Plantation->WoodyCrop",1,,5,,,,,,
"","","Wet","Plantation:All","","WoodyCrop:All","Hawai'i","","MANAGEMENT: Plantation->WoodyCrop",1,,5,,,,,,
"","","Wet","Plantation:All","","WoodyCrop:All","Moloka'i","","MANAGEMENT: Plantation->WoodyCrop",1,,5,,,,,,
"","","Wet","Plantation:All","","WoodyCrop:All","O'ahu","","MANAGEMENT: Plantation->WoodyCrop",1,,5,,,,,,
"","","Wet","Plantation:All","","WoodyCrop:All","Kaua'i","","MANAGEMENT: Plantation->WoodyCrop",1,,5,,,,,,
