"StratumID","SecondaryStratumID","DistributionTypeID","ExternalVariableTypeID","ExternalVariableMin","ExternalVariableMax","Value"
"Dry","Hawai'i","Historical Rate: Fire Forest","Historical Year: Fire",1,1,0.00428979980934223
"Dry","Hawai'i","Historical Rate: Fire Grassland","Historical Year: Fire",1,1,0.00525849662349164
"Dry","Hawai'i","Historical Rate: Fire Shrubland","Historical Year: Fire",1,1,0.0337826453243471
"Dry","Hawai'i","Historical Rate: Fire Plantation","Historical Year: Fire",1,1,0
"Dry","Hawai'i","Historical Rate: Fire Agriculture","Historical Year: Fire",1,1,0
"Dry","Hawai'i","Historical Rate: Fire WoodyCrop","Historical Year: Fire",1,1,0
"Mesic","Hawai'i","Historical Rate: Fire Forest","Historical Year: Fire",1,1,0
"Mesic","Hawai'i","Historical Rate: Fire Grassland","Historical Year: Fire",1,1,0
"Mesic","Hawai'i","Historical Rate: Fire Shrubland","Historical Year: Fire",1,1,0
"Mesic","Hawai'i","Historical Rate: Fire Plantation","Historical Year: Fire",1,1,0
"Mesic","Hawai'i","Historical Rate: Fire Agriculture","Historical Year: Fire",1,1,0
"Mesic","Hawai'i","Historical Rate: Fire WoodyCrop","Historical Year: Fire",1,1,0
"Wet","Hawai'i","Historical Rate: Fire Forest","Historical Year: Fire",1,1,0
"Wet","Hawai'i","Historical Rate: Fire Grassland","Historical Year: Fire",1,1,0
"Wet","Hawai'i","Historical Rate: Fire Shrubland","Historical Year: Fire",1,1,0
"Wet","Hawai'i","Historical Rate: Fire Plantation","Historical Year: Fire",1,1,0
"Wet","Hawai'i","Historical Rate: Fire Agriculture","Historical Year: Fire",1,1,0
"Wet","Hawai'i","Historical Rate: Fire WoodyCrop","Historical Year: Fire",1,1,0
"Dry","Kaho'olawe","Historical Rate: Fire Forest","Historical Year: Fire",1,1,0
"Dry","Kaho'olawe","Historical Rate: Fire Grassland","Historical Year: Fire",1,1,0
"Dry","Kaho'olawe","Historical Rate: Fire Shrubland","Historical Year: Fire",1,1,0
"Dry","Kaua'i","Historical Rate: Fire Forest","Historical Year: Fire",1,1,0
"Dry","Kaua'i","Historical Rate: Fire Grassland","Historical Year: Fire",1,1,0
"Dry","Kaua'i","Historical Rate: Fire Shrubland","Historical Year: Fire",1,1,0
"Dry","Kaua'i","Historical Rate: Fire Plantation","Historical Year: Fire",1,1,0
"Dry","Kaua'i","Historical Rate: Fire Agriculture","Historical Year: Fire",1,1,0
"Dry","Kaua'i","Historical Rate: Fire WoodyCrop","Historical Year: Fire",1,1,0
"Mesic","Kaua'i","Historical Rate: Fire Forest","Historical Year: Fire",1,1,0
"Mesic","Kaua'i","Historical Rate: Fire Grassland","Historical Year: Fire",1,1,0
"Mesic","Kaua'i","Historical Rate: Fire Shrubland","Historical Year: Fire",1,1,0
"Mesic","Kaua'i","Historical Rate: Fire Plantation","Historical Year: Fire",1,1,0
"Mesic","Kaua'i","Historical Rate: Fire Agriculture","Historical Year: Fire",1,1,0
"Mesic","Kaua'i","Historical Rate: Fire WoodyCrop","Historical Year: Fire",1,1,0
"Wet","Kaua'i","Historical Rate: Fire Forest","Historical Year: Fire",1,1,0
"Wet","Kaua'i","Historical Rate: Fire Grassland","Historical Year: Fire",1,1,0
"Wet","Kaua'i","Historical Rate: Fire Shrubland","Historical Year: Fire",1,1,0
"Wet","Kaua'i","Historical Rate: Fire Plantation","Historical Year: Fire",1,1,0
"Wet","Kaua'i","Historical Rate: Fire Agriculture","Historical Year: Fire",1,1,0
"Dry","Lana'i","Historical Rate: Fire Forest","Historical Year: Fire",1,1,0
"Dry","Lana'i","Historical Rate: Fire Grassland","Historical Year: Fire",1,1,0
"Dry","Lana'i","Historical Rate: Fire Shrubland","Historical Year: Fire",1,1,0
"Dry","Lana'i","Historical Rate: Fire Agriculture","Historical Year: Fire",1,1,0
"Mesic","Lana'i","Historical Rate: Fire Forest","Historical Year: Fire",1,1,0
"Mesic","Lana'i","Historical Rate: Fire Grassland","Historical Year: Fire",1,1,0
"Mesic","Lana'i","Historical Rate: Fire Shrubland","Historical Year: Fire",1,1,0
"Wet","Lana'i","Historical Rate: Fire Forest","Historical Year: Fire",1,1,0
"Wet","Lana'i","Historical Rate: Fire Grassland","Historical Year: Fire",1,1,0
"Wet","Lana'i","Historical Rate: Fire Shrubland","Historical Year: Fire",1,1,0
"Dry","Maui","Historical Rate: Fire Forest","Historical Year: Fire",1,1,0
"Dry","Maui","Historical Rate: Fire Grassland","Historical Year: Fire",1,1,0
"Dry","Maui","Historical Rate: Fire Shrubland","Historical Year: Fire",1,1,0.00456026058631922
"Dry","Maui","Historical Rate: Fire Agriculture","Historical Year: Fire",1,1,0
"Dry","Maui","Historical Rate: Fire WoodyCrop","Historical Year: Fire",1,1,0
"Mesic","Maui","Historical Rate: Fire Forest","Historical Year: Fire",1,1,0
"Mesic","Maui","Historical Rate: Fire Grassland","Historical Year: Fire",1,1,0
"Mesic","Maui","Historical Rate: Fire Shrubland","Historical Year: Fire",1,1,0.00155400155400155
"Mesic","Maui","Historical Rate: Fire Agriculture","Historical Year: Fire",1,1,0
"Mesic","Maui","Historical Rate: Fire WoodyCrop","Historical Year: Fire",1,1,0
"Wet","Maui","Historical Rate: Fire Forest","Historical Year: Fire",1,1,0
"Wet","Maui","Historical Rate: Fire Grassland","Historical Year: Fire",1,1,0
"Wet","Maui","Historical Rate: Fire Shrubland","Historical Year: Fire",1,1,0
"Wet","Maui","Historical Rate: Fire Agriculture","Historical Year: Fire",1,1,0
"Dry","Moloka'i","Historical Rate: Fire Forest","Historical Year: Fire",1,1,0
"Dry","Moloka'i","Historical Rate: Fire Grassland","Historical Year: Fire",1,1,0
"Dry","Moloka'i","Historical Rate: Fire Shrubland","Historical Year: Fire",1,1,0
"Dry","Moloka'i","Historical Rate: Fire Agriculture","Historical Year: Fire",1,1,0
"Dry","Moloka'i","Historical Rate: Fire WoodyCrop","Historical Year: Fire",1,1,0
"Mesic","Moloka'i","Historical Rate: Fire Forest","Historical Year: Fire",1,1,0
"Mesic","Moloka'i","Historical Rate: Fire Grassland","Historical Year: Fire",1,1,0
"Mesic","Moloka'i","Historical Rate: Fire Shrubland","Historical Year: Fire",1,1,0
"Mesic","Moloka'i","Historical Rate: Fire Plantation","Historical Year: Fire",1,1,0
"Wet","Moloka'i","Historical Rate: Fire Forest","Historical Year: Fire",1,1,0
"Wet","Moloka'i","Historical Rate: Fire Grassland","Historical Year: Fire",1,1,0
"Wet","Moloka'i","Historical Rate: Fire Shrubland","Historical Year: Fire",1,1,0
"Wet","Moloka'i","Historical Rate: Fire Plantation","Historical Year: Fire",1,1,0
"Dry","O'ahu","Historical Rate: Fire Forest","Historical Year: Fire",1,1,0
"Dry","O'ahu","Historical Rate: Fire Grassland","Historical Year: Fire",1,1,0
"Dry","O'ahu","Historical Rate: Fire Shrubland","Historical Year: Fire",1,1,0
"Dry","O'ahu","Historical Rate: Fire Plantation","Historical Year: Fire",1,1,0
"Dry","O'ahu","Historical Rate: Fire Agriculture","Historical Year: Fire",1,1,0
"Dry","O'ahu","Historical Rate: Fire WoodyCrop","Historical Year: Fire",1,1,0
"Mesic","O'ahu","Historical Rate: Fire Forest","Historical Year: Fire",1,1,0
"Mesic","O'ahu","Historical Rate: Fire Grassland","Historical Year: Fire",1,1,0
"Mesic","O'ahu","Historical Rate: Fire Shrubland","Historical Year: Fire",1,1,0
"Mesic","O'ahu","Historical Rate: Fire Plantation","Historical Year: Fire",1,1,0
"Mesic","O'ahu","Historical Rate: Fire Agriculture","Historical Year: Fire",1,1,0
"Mesic","O'ahu","Historical Rate: Fire WoodyCrop","Historical Year: Fire",1,1,0
"Wet","O'ahu","Historical Rate: Fire Forest","Historical Year: Fire",1,1,0
"Wet","O'ahu","Historical Rate: Fire Grassland","Historical Year: Fire",1,1,0
"Wet","O'ahu","Historical Rate: Fire Shrubland","Historical Year: Fire",1,1,0
"Wet","O'ahu","Historical Rate: Fire Plantation","Historical Year: Fire",1,1,0
"Dry","Hawai'i","Historical Rate: Fire Forest","Historical Year: Fire",2,2,0
"Dry","Hawai'i","Historical Rate: Fire Grassland","Historical Year: Fire",2,2,0
"Dry","Hawai'i","Historical Rate: Fire Shrubland","Historical Year: Fire",2,2,0
"Dry","Hawai'i","Historical Rate: Fire Plantation","Historical Year: Fire",2,2,0
"Dry","Hawai'i","Historical Rate: Fire Agriculture","Historical Year: Fire",2,2,0
"Dry","Hawai'i","Historical Rate: Fire WoodyCrop","Historical Year: Fire",2,2,0
"Mesic","Hawai'i","Historical Rate: Fire Forest","Historical Year: Fire",2,2,0.00676609676245908
"Mesic","Hawai'i","Historical Rate: Fire Grassland","Historical Year: Fire",2,2,0.00451506468698446
"Mesic","Hawai'i","Historical Rate: Fire Shrubland","Historical Year: Fire",2,2,0.0169614984391259
"Mesic","Hawai'i","Historical Rate: Fire Plantation","Historical Year: Fire",2,2,0
"Mesic","Hawai'i","Historical Rate: Fire Agriculture","Historical Year: Fire",2,2,0
"Mesic","Hawai'i","Historical Rate: Fire WoodyCrop","Historical Year: Fire",2,2,0
"Wet","Hawai'i","Historical Rate: Fire Forest","Historical Year: Fire",2,2,0.00514233241505969
"Wet","Hawai'i","Historical Rate: Fire Grassland","Historical Year: Fire",2,2,0.000643915003219575
"Wet","Hawai'i","Historical Rate: Fire Shrubland","Historical Year: Fire",2,2,0.00333030578262186
"Wet","Hawai'i","Historical Rate: Fire Plantation","Historical Year: Fire",2,2,0
"Wet","Hawai'i","Historical Rate: Fire Agriculture","Historical Year: Fire",2,2,0
"Wet","Hawai'i","Historical Rate: Fire WoodyCrop","Historical Year: Fire",2,2,0
"Dry","Kaho'olawe","Historical Rate: Fire Forest","Historical Year: Fire",2,2,0.273218142548596
"Dry","Kaho'olawe","Historical Rate: Fire Grassland","Historical Year: Fire",2,2,0.215946843853821
"Dry","Kaho'olawe","Historical Rate: Fire Shrubland","Historical Year: Fire",2,2,0.0459770114942529
"Dry","Kaua'i","Historical Rate: Fire Forest","Historical Year: Fire",2,2,0
"Dry","Kaua'i","Historical Rate: Fire Grassland","Historical Year: Fire",2,2,0
"Dry","Kaua'i","Historical Rate: Fire Shrubland","Historical Year: Fire",2,2,0
"Dry","Kaua'i","Historical Rate: Fire Plantation","Historical Year: Fire",2,2,0
"Dry","Kaua'i","Historical Rate: Fire Agriculture","Historical Year: Fire",2,2,0
"Dry","Kaua'i","Historical Rate: Fire WoodyCrop","Historical Year: Fire",2,2,0
"Mesic","Kaua'i","Historical Rate: Fire Forest","Historical Year: Fire",2,2,0.000199720391451967
"Mesic","Kaua'i","Historical Rate: Fire Grassland","Historical Year: Fire",2,2,0.0029868578255675
"Mesic","Kaua'i","Historical Rate: Fire Shrubland","Historical Year: Fire",2,2,0.000918273645546373
"Mesic","Kaua'i","Historical Rate: Fire Plantation","Historical Year: Fire",2,2,0
"Mesic","Kaua'i","Historical Rate: Fire Agriculture","Historical Year: Fire",2,2,0
"Mesic","Kaua'i","Historical Rate: Fire WoodyCrop","Historical Year: Fire",2,2,0
"Wet","Kaua'i","Historical Rate: Fire Forest","Historical Year: Fire",2,2,0
"Wet","Kaua'i","Historical Rate: Fire Grassland","Historical Year: Fire",2,2,0
"Wet","Kaua'i","Historical Rate: Fire Shrubland","Historical Year: Fire",2,2,0
"Wet","Kaua'i","Historical Rate: Fire Plantation","Historical Year: Fire",2,2,0
"Wet","Kaua'i","Historical Rate: Fire Agriculture","Historical Year: Fire",2,2,0
"Dry","Lana'i","Historical Rate: Fire Forest","Historical Year: Fire",2,2,0
"Dry","Lana'i","Historical Rate: Fire Grassland","Historical Year: Fire",2,2,0
"Dry","Lana'i","Historical Rate: Fire Shrubland","Historical Year: Fire",2,2,0
"Dry","Lana'i","Historical Rate: Fire Agriculture","Historical Year: Fire",2,2,0
"Mesic","Lana'i","Historical Rate: Fire Forest","Historical Year: Fire",2,2,0
"Mesic","Lana'i","Historical Rate: Fire Grassland","Historical Year: Fire",2,2,0
"Mesic","Lana'i","Historical Rate: Fire Shrubland","Historical Year: Fire",2,2,0
"Wet","Lana'i","Historical Rate: Fire Forest","Historical Year: Fire",2,2,0
"Wet","Lana'i","Historical Rate: Fire Grassland","Historical Year: Fire",2,2,0
"Wet","Lana'i","Historical Rate: Fire Shrubland","Historical Year: Fire",2,2,0
"Dry","Maui","Historical Rate: Fire Forest","Historical Year: Fire",2,2,0.00276880479926165
"Dry","Maui","Historical Rate: Fire Grassland","Historical Year: Fire",2,2,0.0297265160523187
"Dry","Maui","Historical Rate: Fire Shrubland","Historical Year: Fire",2,2,0
"Dry","Maui","Historical Rate: Fire Agriculture","Historical Year: Fire",2,2,0.000519615484541439
"Dry","Maui","Historical Rate: Fire WoodyCrop","Historical Year: Fire",2,2,0
"Mesic","Maui","Historical Rate: Fire Forest","Historical Year: Fire",2,2,0.000490196078431373
"Mesic","Maui","Historical Rate: Fire Grassland","Historical Year: Fire",2,2,0.0105663567202029
"Mesic","Maui","Historical Rate: Fire Shrubland","Historical Year: Fire",2,2,0
"Mesic","Maui","Historical Rate: Fire Agriculture","Historical Year: Fire",2,2,0
"Mesic","Maui","Historical Rate: Fire WoodyCrop","Historical Year: Fire",2,2,0
"Wet","Maui","Historical Rate: Fire Forest","Historical Year: Fire",2,2,0
"Wet","Maui","Historical Rate: Fire Grassland","Historical Year: Fire",2,2,0
"Wet","Maui","Historical Rate: Fire Shrubland","Historical Year: Fire",2,2,0
"Wet","Maui","Historical Rate: Fire Agriculture","Historical Year: Fire",2,2,0
"Dry","Moloka'i","Historical Rate: Fire Forest","Historical Year: Fire",2,2,0.00145032632342277
"Dry","Moloka'i","Historical Rate: Fire Grassland","Historical Year: Fire",2,2,0.0658227848101266
"Dry","Moloka'i","Historical Rate: Fire Shrubland","Historical Year: Fire",2,2,0.0482497634815516
"Dry","Moloka'i","Historical Rate: Fire Agriculture","Historical Year: Fire",2,2,0.132231404958678
"Dry","Moloka'i","Historical Rate: Fire WoodyCrop","Historical Year: Fire",2,2,0
"Mesic","Moloka'i","Historical Rate: Fire Forest","Historical Year: Fire",2,2,0
"Mesic","Moloka'i","Historical Rate: Fire Grassland","Historical Year: Fire",2,2,0
"Mesic","Moloka'i","Historical Rate: Fire Shrubland","Historical Year: Fire",2,2,0
"Mesic","Moloka'i","Historical Rate: Fire Plantation","Historical Year: Fire",2,2,0
"Wet","Moloka'i","Historical Rate: Fire Forest","Historical Year: Fire",2,2,0
"Wet","Moloka'i","Historical Rate: Fire Grassland","Historical Year: Fire",2,2,0
"Wet","Moloka'i","Historical Rate: Fire Shrubland","Historical Year: Fire",2,2,0
"Wet","Moloka'i","Historical Rate: Fire Plantation","Historical Year: Fire",2,2,0
"Dry","O'ahu","Historical Rate: Fire Forest","Historical Year: Fire",2,2,0.0152925531914894
"Dry","O'ahu","Historical Rate: Fire Grassland","Historical Year: Fire",2,2,0.0346666666666667
"Dry","O'ahu","Historical Rate: Fire Shrubland","Historical Year: Fire",2,2,0.0352514256091239
"Dry","O'ahu","Historical Rate: Fire Plantation","Historical Year: Fire",2,2,0
"Dry","O'ahu","Historical Rate: Fire Agriculture","Historical Year: Fire",2,2,0.00714749837556855
"Dry","O'ahu","Historical Rate: Fire WoodyCrop","Historical Year: Fire",2,2,0
"Mesic","O'ahu","Historical Rate: Fire Forest","Historical Year: Fire",2,2,0.00301488599962314
"Mesic","O'ahu","Historical Rate: Fire Grassland","Historical Year: Fire",2,2,0.161375661375661
"Mesic","O'ahu","Historical Rate: Fire Shrubland","Historical Year: Fire",2,2,0.0455729166666667
"Mesic","O'ahu","Historical Rate: Fire Plantation","Historical Year: Fire",2,2,0
"Mesic","O'ahu","Historical Rate: Fire Agriculture","Historical Year: Fire",2,2,0.0277777777777778
"Mesic","O'ahu","Historical Rate: Fire WoodyCrop","Historical Year: Fire",2,2,0
"Wet","O'ahu","Historical Rate: Fire Forest","Historical Year: Fire",2,2,0
"Wet","O'ahu","Historical Rate: Fire Grassland","Historical Year: Fire",2,2,0
"Wet","O'ahu","Historical Rate: Fire Shrubland","Historical Year: Fire",2,2,0
"Wet","O'ahu","Historical Rate: Fire Plantation","Historical Year: Fire",2,2,0
"Dry","Hawai'i","Historical Rate: Fire Forest","Historical Year: Fire",3,3,0.00428979980934223
"Dry","Hawai'i","Historical Rate: Fire Grassland","Historical Year: Fire",3,3,0.117734971770176
"Dry","Hawai'i","Historical Rate: Fire Shrubland","Historical Year: Fire",3,3,0.00117944397641112
"Dry","Hawai'i","Historical Rate: Fire Plantation","Historical Year: Fire",3,3,0.0202020202020202
"Dry","Hawai'i","Historical Rate: Fire Agriculture","Historical Year: Fire",3,3,0
"Dry","Hawai'i","Historical Rate: Fire WoodyCrop","Historical Year: Fire",3,3,0
"Mesic","Hawai'i","Historical Rate: Fire Forest","Historical Year: Fire",3,3,0
"Mesic","Hawai'i","Historical Rate: Fire Grassland","Historical Year: Fire",3,3,0
"Mesic","Hawai'i","Historical Rate: Fire Shrubland","Historical Year: Fire",3,3,0.000208116545265349
"Mesic","Hawai'i","Historical Rate: Fire Plantation","Historical Year: Fire",3,3,0
"Mesic","Hawai'i","Historical Rate: Fire Agriculture","Historical Year: Fire",3,3,0.00405268490374873
"Mesic","Hawai'i","Historical Rate: Fire WoodyCrop","Historical Year: Fire",3,3,0
"Wet","Hawai'i","Historical Rate: Fire Forest","Historical Year: Fire",3,3,0
"Wet","Hawai'i","Historical Rate: Fire Grassland","Historical Year: Fire",3,3,0
"Wet","Hawai'i","Historical Rate: Fire Shrubland","Historical Year: Fire",3,3,0
"Wet","Hawai'i","Historical Rate: Fire Plantation","Historical Year: Fire",3,3,0
"Wet","Hawai'i","Historical Rate: Fire Agriculture","Historical Year: Fire",3,3,0
"Wet","Hawai'i","Historical Rate: Fire WoodyCrop","Historical Year: Fire",3,3,0
"Dry","Kaho'olawe","Historical Rate: Fire Forest","Historical Year: Fire",3,3,0
"Dry","Kaho'olawe","Historical Rate: Fire Grassland","Historical Year: Fire",3,3,0
"Dry","Kaho'olawe","Historical Rate: Fire Shrubland","Historical Year: Fire",3,3,0
"Dry","Kaua'i","Historical Rate: Fire Forest","Historical Year: Fire",3,3,0
"Dry","Kaua'i","Historical Rate: Fire Grassland","Historical Year: Fire",3,3,0.00367647058823529
"Dry","Kaua'i","Historical Rate: Fire Shrubland","Historical Year: Fire",3,3,0
"Dry","Kaua'i","Historical Rate: Fire Plantation","Historical Year: Fire",3,3,0
"Dry","Kaua'i","Historical Rate: Fire Agriculture","Historical Year: Fire",3,3,0.00705716302046577
"Dry","Kaua'i","Historical Rate: Fire WoodyCrop","Historical Year: Fire",3,3,0
"Mesic","Kaua'i","Historical Rate: Fire Forest","Historical Year: Fire",3,3,0.000199720391451967
"Mesic","Kaua'i","Historical Rate: Fire Grassland","Historical Year: Fire",3,3,0
"Mesic","Kaua'i","Historical Rate: Fire Shrubland","Historical Year: Fire",3,3,0
"Mesic","Kaua'i","Historical Rate: Fire Plantation","Historical Year: Fire",3,3,0
"Mesic","Kaua'i","Historical Rate: Fire Agriculture","Historical Year: Fire",3,3,0.00133155792276964
"Mesic","Kaua'i","Historical Rate: Fire WoodyCrop","Historical Year: Fire",3,3,0
"Wet","Kaua'i","Historical Rate: Fire Forest","Historical Year: Fire",3,3,0
"Wet","Kaua'i","Historical Rate: Fire Grassland","Historical Year: Fire",3,3,0
"Wet","Kaua'i","Historical Rate: Fire Shrubland","Historical Year: Fire",3,3,0
"Wet","Kaua'i","Historical Rate: Fire Plantation","Historical Year: Fire",3,3,0
"Wet","Kaua'i","Historical Rate: Fire Agriculture","Historical Year: Fire",3,3,0
"Dry","Lana'i","Historical Rate: Fire Forest","Historical Year: Fire",3,3,0
"Dry","Lana'i","Historical Rate: Fire Grassland","Historical Year: Fire",3,3,0
"Dry","Lana'i","Historical Rate: Fire Shrubland","Historical Year: Fire",3,3,0
"Dry","Lana'i","Historical Rate: Fire Agriculture","Historical Year: Fire",3,3,0
"Mesic","Lana'i","Historical Rate: Fire Forest","Historical Year: Fire",3,3,0
"Mesic","Lana'i","Historical Rate: Fire Grassland","Historical Year: Fire",3,3,0
"Mesic","Lana'i","Historical Rate: Fire Shrubland","Historical Year: Fire",3,3,0
"Wet","Lana'i","Historical Rate: Fire Forest","Historical Year: Fire",3,3,0
"Wet","Lana'i","Historical Rate: Fire Grassland","Historical Year: Fire",3,3,0
"Wet","Lana'i","Historical Rate: Fire Shrubland","Historical Year: Fire",3,3,0
"Dry","Maui","Historical Rate: Fire Forest","Historical Year: Fire",3,3,0
"Dry","Maui","Historical Rate: Fire Grassland","Historical Year: Fire",3,3,0
"Dry","Maui","Historical Rate: Fire Shrubland","Historical Year: Fire",3,3,0.00260586319218241
"Dry","Maui","Historical Rate: Fire Agriculture","Historical Year: Fire",3,3,0.00467653936087295
"Dry","Maui","Historical Rate: Fire WoodyCrop","Historical Year: Fire",3,3,0
"Mesic","Maui","Historical Rate: Fire Forest","Historical Year: Fire",3,3,0
"Mesic","Maui","Historical Rate: Fire Grassland","Historical Year: Fire",3,3,0
"Mesic","Maui","Historical Rate: Fire Shrubland","Historical Year: Fire",3,3,0
"Mesic","Maui","Historical Rate: Fire Agriculture","Historical Year: Fire",3,3,0
"Mesic","Maui","Historical Rate: Fire WoodyCrop","Historical Year: Fire",3,3,0
"Wet","Maui","Historical Rate: Fire Forest","Historical Year: Fire",3,3,0
"Wet","Maui","Historical Rate: Fire Grassland","Historical Year: Fire",3,3,0
"Wet","Maui","Historical Rate: Fire Shrubland","Historical Year: Fire",3,3,0
"Wet","Maui","Historical Rate: Fire Agriculture","Historical Year: Fire",3,3,0
"Dry","Moloka'i","Historical Rate: Fire Forest","Historical Year: Fire",3,3,0
"Dry","Moloka'i","Historical Rate: Fire Grassland","Historical Year: Fire",3,3,0
"Dry","Moloka'i","Historical Rate: Fire Shrubland","Historical Year: Fire",3,3,0
"Dry","Moloka'i","Historical Rate: Fire Agriculture","Historical Year: Fire",3,3,0
"Dry","Moloka'i","Historical Rate: Fire WoodyCrop","Historical Year: Fire",3,3,0
"Mesic","Moloka'i","Historical Rate: Fire Forest","Historical Year: Fire",3,3,0
"Mesic","Moloka'i","Historical Rate: Fire Grassland","Historical Year: Fire",3,3,0
"Mesic","Moloka'i","Historical Rate: Fire Shrubland","Historical Year: Fire",3,3,0
"Mesic","Moloka'i","Historical Rate: Fire Plantation","Historical Year: Fire",3,3,0
"Wet","Moloka'i","Historical Rate: Fire Forest","Historical Year: Fire",3,3,0
"Wet","Moloka'i","Historical Rate: Fire Grassland","Historical Year: Fire",3,3,0
"Wet","Moloka'i","Historical Rate: Fire Shrubland","Historical Year: Fire",3,3,0
"Wet","Moloka'i","Historical Rate: Fire Plantation","Historical Year: Fire",3,3,0
"Dry","O'ahu","Historical Rate: Fire Forest","Historical Year: Fire",3,3,0.0365691489361702
"Dry","O'ahu","Historical Rate: Fire Grassland","Historical Year: Fire",3,3,0.106666666666667
"Dry","O'ahu","Historical Rate: Fire Shrubland","Historical Year: Fire",3,3,0.0518403317781234
"Dry","O'ahu","Historical Rate: Fire Plantation","Historical Year: Fire",3,3,0
"Dry","O'ahu","Historical Rate: Fire Agriculture","Historical Year: Fire",3,3,0.00389863547758285
"Dry","O'ahu","Historical Rate: Fire WoodyCrop","Historical Year: Fire",3,3,0
"Mesic","O'ahu","Historical Rate: Fire Forest","Historical Year: Fire",3,3,0
"Mesic","O'ahu","Historical Rate: Fire Grassland","Historical Year: Fire",3,3,0
"Mesic","O'ahu","Historical Rate: Fire Shrubland","Historical Year: Fire",3,3,0.00520833333333333
"Mesic","O'ahu","Historical Rate: Fire Plantation","Historical Year: Fire",3,3,0.00239234449760766
"Mesic","O'ahu","Historical Rate: Fire Agriculture","Historical Year: Fire",3,3,0
"Mesic","O'ahu","Historical Rate: Fire WoodyCrop","Historical Year: Fire",3,3,0
"Wet","O'ahu","Historical Rate: Fire Forest","Historical Year: Fire",3,3,0
"Wet","O'ahu","Historical Rate: Fire Grassland","Historical Year: Fire",3,3,0
"Wet","O'ahu","Historical Rate: Fire Shrubland","Historical Year: Fire",3,3,0
"Wet","O'ahu","Historical Rate: Fire Plantation","Historical Year: Fire",3,3,0
"Dry","Hawai'i","Historical Rate: Fire Forest","Historical Year: Fire",4,4,0.000953288846520496
"Dry","Hawai'i","Historical Rate: Fire Grassland","Historical Year: Fire",4,4,0.00819218421343961
"Dry","Hawai'i","Historical Rate: Fire Shrubland","Historical Year: Fire",4,4,0.0046335299073294
"Dry","Hawai'i","Historical Rate: Fire Plantation","Historical Year: Fire",4,4,0
"Dry","Hawai'i","Historical Rate: Fire Agriculture","Historical Year: Fire",4,4,0
"Dry","Hawai'i","Historical Rate: Fire WoodyCrop","Historical Year: Fire",4,4,0
"Mesic","Hawai'i","Historical Rate: Fire Forest","Historical Year: Fire",4,4,0
"Mesic","Hawai'i","Historical Rate: Fire Grassland","Historical Year: Fire",4,4,0.000173656334114787
"Mesic","Hawai'i","Historical Rate: Fire Shrubland","Historical Year: Fire",4,4,0
"Mesic","Hawai'i","Historical Rate: Fire Plantation","Historical Year: Fire",4,4,0
"Mesic","Hawai'i","Historical Rate: Fire Agriculture","Historical Year: Fire",4,4,0
"Mesic","Hawai'i","Historical Rate: Fire WoodyCrop","Historical Year: Fire",4,4,0
"Wet","Hawai'i","Historical Rate: Fire Forest","Historical Year: Fire",4,4,0
"Wet","Hawai'i","Historical Rate: Fire Grassland","Historical Year: Fire",4,4,0
"Wet","Hawai'i","Historical Rate: Fire Shrubland","Historical Year: Fire",4,4,0
"Wet","Hawai'i","Historical Rate: Fire Plantation","Historical Year: Fire",4,4,0
"Wet","Hawai'i","Historical Rate: Fire Agriculture","Historical Year: Fire",4,4,0
"Wet","Hawai'i","Historical Rate: Fire WoodyCrop","Historical Year: Fire",4,4,0
"Dry","Kaho'olawe","Historical Rate: Fire Forest","Historical Year: Fire",4,4,0
"Dry","Kaho'olawe","Historical Rate: Fire Grassland","Historical Year: Fire",4,4,0
"Dry","Kaho'olawe","Historical Rate: Fire Shrubland","Historical Year: Fire",4,4,0
"Dry","Kaua'i","Historical Rate: Fire Forest","Historical Year: Fire",4,4,0.00150829562594268
"Dry","Kaua'i","Historical Rate: Fire Grassland","Historical Year: Fire",4,4,0
"Dry","Kaua'i","Historical Rate: Fire Shrubland","Historical Year: Fire",4,4,0
"Dry","Kaua'i","Historical Rate: Fire Plantation","Historical Year: Fire",4,4,0
"Dry","Kaua'i","Historical Rate: Fire Agriculture","Historical Year: Fire",4,4,0.00352858151023289
"Dry","Kaua'i","Historical Rate: Fire WoodyCrop","Historical Year: Fire",4,4,0
"Mesic","Kaua'i","Historical Rate: Fire Forest","Historical Year: Fire",4,4,0
"Mesic","Kaua'i","Historical Rate: Fire Grassland","Historical Year: Fire",4,4,0
"Mesic","Kaua'i","Historical Rate: Fire Shrubland","Historical Year: Fire",4,4,0
"Mesic","Kaua'i","Historical Rate: Fire Plantation","Historical Year: Fire",4,4,0
"Mesic","Kaua'i","Historical Rate: Fire Agriculture","Historical Year: Fire",4,4,0
"Mesic","Kaua'i","Historical Rate: Fire WoodyCrop","Historical Year: Fire",4,4,0
"Wet","Kaua'i","Historical Rate: Fire Forest","Historical Year: Fire",4,4,0
"Wet","Kaua'i","Historical Rate: Fire Grassland","Historical Year: Fire",4,4,0
"Wet","Kaua'i","Historical Rate: Fire Shrubland","Historical Year: Fire",4,4,0
"Wet","Kaua'i","Historical Rate: Fire Plantation","Historical Year: Fire",4,4,0
"Wet","Kaua'i","Historical Rate: Fire Agriculture","Historical Year: Fire",4,4,0
"Dry","Lana'i","Historical Rate: Fire Forest","Historical Year: Fire",4,4,0
"Dry","Lana'i","Historical Rate: Fire Grassland","Historical Year: Fire",4,4,0
"Dry","Lana'i","Historical Rate: Fire Shrubland","Historical Year: Fire",4,4,0
"Dry","Lana'i","Historical Rate: Fire Agriculture","Historical Year: Fire",4,4,0
"Mesic","Lana'i","Historical Rate: Fire Forest","Historical Year: Fire",4,4,0
"Mesic","Lana'i","Historical Rate: Fire Grassland","Historical Year: Fire",4,4,0
"Mesic","Lana'i","Historical Rate: Fire Shrubland","Historical Year: Fire",4,4,0
"Wet","Lana'i","Historical Rate: Fire Forest","Historical Year: Fire",4,4,0
"Wet","Lana'i","Historical Rate: Fire Grassland","Historical Year: Fire",4,4,0
"Wet","Lana'i","Historical Rate: Fire Shrubland","Historical Year: Fire",4,4,0
"Dry","Maui","Historical Rate: Fire Forest","Historical Year: Fire",4,4,0.000922934933087217
"Dry","Maui","Historical Rate: Fire Grassland","Historical Year: Fire",4,4,0.0975029726516052
"Dry","Maui","Historical Rate: Fire Shrubland","Historical Year: Fire",4,4,0.0690553745928339
"Dry","Maui","Historical Rate: Fire Agriculture","Historical Year: Fire",4,4,0.00415692387633152
"Dry","Maui","Historical Rate: Fire WoodyCrop","Historical Year: Fire",4,4,0
"Mesic","Maui","Historical Rate: Fire Forest","Historical Year: Fire",4,4,0.000245098039215686
"Mesic","Maui","Historical Rate: Fire Grassland","Historical Year: Fire",4,4,0.00929839391377853
"Mesic","Maui","Historical Rate: Fire Shrubland","Historical Year: Fire",4,4,0.000777000777000777
"Mesic","Maui","Historical Rate: Fire Agriculture","Historical Year: Fire",4,4,0
"Mesic","Maui","Historical Rate: Fire WoodyCrop","Historical Year: Fire",4,4,0
"Wet","Maui","Historical Rate: Fire Forest","Historical Year: Fire",4,4,0
"Wet","Maui","Historical Rate: Fire Grassland","Historical Year: Fire",4,4,0
"Wet","Maui","Historical Rate: Fire Shrubland","Historical Year: Fire",4,4,0
"Wet","Maui","Historical Rate: Fire Agriculture","Historical Year: Fire",4,4,0
"Dry","Moloka'i","Historical Rate: Fire Forest","Historical Year: Fire",4,4,0
"Dry","Moloka'i","Historical Rate: Fire Grassland","Historical Year: Fire",4,4,0
"Dry","Moloka'i","Historical Rate: Fire Shrubland","Historical Year: Fire",4,4,0
"Dry","Moloka'i","Historical Rate: Fire Agriculture","Historical Year: Fire",4,4,0
"Dry","Moloka'i","Historical Rate: Fire WoodyCrop","Historical Year: Fire",4,4,0
"Mesic","Moloka'i","Historical Rate: Fire Forest","Historical Year: Fire",4,4,0
"Mesic","Moloka'i","Historical Rate: Fire Grassland","Historical Year: Fire",4,4,0
"Mesic","Moloka'i","Historical Rate: Fire Shrubland","Historical Year: Fire",4,4,0
"Mesic","Moloka'i","Historical Rate: Fire Plantation","Historical Year: Fire",4,4,0
"Wet","Moloka'i","Historical Rate: Fire Forest","Historical Year: Fire",4,4,0
"Wet","Moloka'i","Historical Rate: Fire Grassland","Historical Year: Fire",4,4,0
"Wet","Moloka'i","Historical Rate: Fire Shrubland","Historical Year: Fire",4,4,0
"Wet","Moloka'i","Historical Rate: Fire Plantation","Historical Year: Fire",4,4,0
"Dry","O'ahu","Historical Rate: Fire Forest","Historical Year: Fire",4,4,0.00797872340425532
"Dry","O'ahu","Historical Rate: Fire Grassland","Historical Year: Fire",4,4,0.0231111111111111
"Dry","O'ahu","Historical Rate: Fire Shrubland","Historical Year: Fire",4,4,0.00777604976671851
"Dry","O'ahu","Historical Rate: Fire Plantation","Historical Year: Fire",4,4,0
"Dry","O'ahu","Historical Rate: Fire Agriculture","Historical Year: Fire",4,4,0
"Dry","O'ahu","Historical Rate: Fire WoodyCrop","Historical Year: Fire",4,4,0
"Mesic","O'ahu","Historical Rate: Fire Forest","Historical Year: Fire",4,4,0
"Mesic","O'ahu","Historical Rate: Fire Grassland","Historical Year: Fire",4,4,0
"Mesic","O'ahu","Historical Rate: Fire Shrubland","Historical Year: Fire",4,4,0
"Mesic","O'ahu","Historical Rate: Fire Plantation","Historical Year: Fire",4,4,0
"Mesic","O'ahu","Historical Rate: Fire Agriculture","Historical Year: Fire",4,4,0
"Mesic","O'ahu","Historical Rate: Fire WoodyCrop","Historical Year: Fire",4,4,0
"Wet","O'ahu","Historical Rate: Fire Forest","Historical Year: Fire",4,4,0
"Wet","O'ahu","Historical Rate: Fire Grassland","Historical Year: Fire",4,4,0
"Wet","O'ahu","Historical Rate: Fire Shrubland","Historical Year: Fire",4,4,0
"Wet","O'ahu","Historical Rate: Fire Plantation","Historical Year: Fire",4,4,0
"Dry","Hawai'i","Historical Rate: Fire Forest","Historical Year: Fire",5,5,0.00762631077216397
"Dry","Hawai'i","Historical Rate: Fire Grassland","Historical Year: Fire",5,5,0.0442820768294033
"Dry","Hawai'i","Historical Rate: Fire Shrubland","Historical Year: Fire",5,5,0.00345408593091828
"Dry","Hawai'i","Historical Rate: Fire Plantation","Historical Year: Fire",5,5,0.0505050505050505
"Dry","Hawai'i","Historical Rate: Fire Agriculture","Historical Year: Fire",5,5,0.0206185567010309
"Dry","Hawai'i","Historical Rate: Fire WoodyCrop","Historical Year: Fire",5,5,0
"Mesic","Hawai'i","Historical Rate: Fire Forest","Historical Year: Fire",5,5,7.27537286285922e-05
"Mesic","Hawai'i","Historical Rate: Fire Grassland","Historical Year: Fire",5,5,8.68281670573934e-05
"Mesic","Hawai'i","Historical Rate: Fire Shrubland","Historical Year: Fire",5,5,0
"Mesic","Hawai'i","Historical Rate: Fire Plantation","Historical Year: Fire",5,5,0
"Mesic","Hawai'i","Historical Rate: Fire Agriculture","Historical Year: Fire",5,5,0
"Mesic","Hawai'i","Historical Rate: Fire WoodyCrop","Historical Year: Fire",5,5,0
"Wet","Hawai'i","Historical Rate: Fire Forest","Historical Year: Fire",5,5,0
"Wet","Hawai'i","Historical Rate: Fire Grassland","Historical Year: Fire",5,5,0
"Wet","Hawai'i","Historical Rate: Fire Shrubland","Historical Year: Fire",5,5,0
"Wet","Hawai'i","Historical Rate: Fire Plantation","Historical Year: Fire",5,5,0
"Wet","Hawai'i","Historical Rate: Fire Agriculture","Historical Year: Fire",5,5,0
"Wet","Hawai'i","Historical Rate: Fire WoodyCrop","Historical Year: Fire",5,5,0
"Dry","Kaho'olawe","Historical Rate: Fire Forest","Historical Year: Fire",5,5,0
"Dry","Kaho'olawe","Historical Rate: Fire Grassland","Historical Year: Fire",5,5,0
"Dry","Kaho'olawe","Historical Rate: Fire Shrubland","Historical Year: Fire",5,5,0
"Dry","Kaua'i","Historical Rate: Fire Forest","Historical Year: Fire",5,5,0
"Dry","Kaua'i","Historical Rate: Fire Grassland","Historical Year: Fire",5,5,0.00367647058823529
"Dry","Kaua'i","Historical Rate: Fire Shrubland","Historical Year: Fire",5,5,0.000653167864141084
"Dry","Kaua'i","Historical Rate: Fire Plantation","Historical Year: Fire",5,5,0
"Dry","Kaua'i","Historical Rate: Fire Agriculture","Historical Year: Fire",5,5,0.00705716302046577
"Dry","Kaua'i","Historical Rate: Fire WoodyCrop","Historical Year: Fire",5,5,0
"Mesic","Kaua'i","Historical Rate: Fire Forest","Historical Year: Fire",5,5,0
"Mesic","Kaua'i","Historical Rate: Fire Grassland","Historical Year: Fire",5,5,0
"Mesic","Kaua'i","Historical Rate: Fire Shrubland","Historical Year: Fire",5,5,0
"Mesic","Kaua'i","Historical Rate: Fire Plantation","Historical Year: Fire",5,5,0
"Mesic","Kaua'i","Historical Rate: Fire Agriculture","Historical Year: Fire",5,5,0.00133155792276964
"Mesic","Kaua'i","Historical Rate: Fire WoodyCrop","Historical Year: Fire",5,5,0
"Wet","Kaua'i","Historical Rate: Fire Forest","Historical Year: Fire",5,5,0
"Wet","Kaua'i","Historical Rate: Fire Grassland","Historical Year: Fire",5,5,0
"Wet","Kaua'i","Historical Rate: Fire Shrubland","Historical Year: Fire",5,5,0
"Wet","Kaua'i","Historical Rate: Fire Plantation","Historical Year: Fire",5,5,0
"Wet","Kaua'i","Historical Rate: Fire Agriculture","Historical Year: Fire",5,5,0
"Dry","Lana'i","Historical Rate: Fire Forest","Historical Year: Fire",5,5,0
"Dry","Lana'i","Historical Rate: Fire Grassland","Historical Year: Fire",5,5,0
"Dry","Lana'i","Historical Rate: Fire Shrubland","Historical Year: Fire",5,5,0
"Dry","Lana'i","Historical Rate: Fire Agriculture","Historical Year: Fire",5,5,0
"Mesic","Lana'i","Historical Rate: Fire Forest","Historical Year: Fire",5,5,0
"Mesic","Lana'i","Historical Rate: Fire Grassland","Historical Year: Fire",5,5,0
"Mesic","Lana'i","Historical Rate: Fire Shrubland","Historical Year: Fire",5,5,0
"Wet","Lana'i","Historical Rate: Fire Forest","Historical Year: Fire",5,5,0
"Wet","Lana'i","Historical Rate: Fire Grassland","Historical Year: Fire",5,5,0
"Wet","Lana'i","Historical Rate: Fire Shrubland","Historical Year: Fire",5,5,0
"Dry","Maui","Historical Rate: Fire Forest","Historical Year: Fire",5,5,0.00876788186432857
"Dry","Maui","Historical Rate: Fire Grassland","Historical Year: Fire",5,5,0.0194213238208482
"Dry","Maui","Historical Rate: Fire Shrubland","Historical Year: Fire",5,5,0.112052117263844
"Dry","Maui","Historical Rate: Fire Agriculture","Historical Year: Fire",5,5,0.0124707716289945
"Dry","Maui","Historical Rate: Fire WoodyCrop","Historical Year: Fire",5,5,0
"Mesic","Maui","Historical Rate: Fire Forest","Historical Year: Fire",5,5,0.0215686274509804
"Mesic","Maui","Historical Rate: Fire Grassland","Historical Year: Fire",5,5,0.00126796280642434
"Mesic","Maui","Historical Rate: Fire Shrubland","Historical Year: Fire",5,5,0.020979020979021
"Mesic","Maui","Historical Rate: Fire Agriculture","Historical Year: Fire",5,5,0
"Mesic","Maui","Historical Rate: Fire WoodyCrop","Historical Year: Fire",5,5,0
"Wet","Maui","Historical Rate: Fire Forest","Historical Year: Fire",5,5,0
"Wet","Maui","Historical Rate: Fire Grassland","Historical Year: Fire",5,5,0
"Wet","Maui","Historical Rate: Fire Shrubland","Historical Year: Fire",5,5,0
"Wet","Maui","Historical Rate: Fire Agriculture","Historical Year: Fire",5,5,0
"Dry","Moloka'i","Historical Rate: Fire Forest","Historical Year: Fire",5,5,0.00290065264684554
"Dry","Moloka'i","Historical Rate: Fire Grassland","Historical Year: Fire",5,5,0.0151898734177215
"Dry","Moloka'i","Historical Rate: Fire Shrubland","Historical Year: Fire",5,5,0.011116367076632
"Dry","Moloka'i","Historical Rate: Fire Agriculture","Historical Year: Fire",5,5,0
"Dry","Moloka'i","Historical Rate: Fire WoodyCrop","Historical Year: Fire",5,5,0
"Mesic","Moloka'i","Historical Rate: Fire Forest","Historical Year: Fire",5,5,0
"Mesic","Moloka'i","Historical Rate: Fire Grassland","Historical Year: Fire",5,5,0
"Mesic","Moloka'i","Historical Rate: Fire Shrubland","Historical Year: Fire",5,5,0
"Mesic","Moloka'i","Historical Rate: Fire Plantation","Historical Year: Fire",5,5,0
"Wet","Moloka'i","Historical Rate: Fire Forest","Historical Year: Fire",5,5,0
"Wet","Moloka'i","Historical Rate: Fire Grassland","Historical Year: Fire",5,5,0
"Wet","Moloka'i","Historical Rate: Fire Shrubland","Historical Year: Fire",5,5,0
"Wet","Moloka'i","Historical Rate: Fire Plantation","Historical Year: Fire",5,5,0
"Dry","O'ahu","Historical Rate: Fire Forest","Historical Year: Fire",5,5,0.0445478723404255
"Dry","O'ahu","Historical Rate: Fire Grassland","Historical Year: Fire",5,5,0.0453333333333333
"Dry","O'ahu","Historical Rate: Fire Shrubland","Historical Year: Fire",5,5,0.0456194919647486
"Dry","O'ahu","Historical Rate: Fire Plantation","Historical Year: Fire",5,5,0
"Dry","O'ahu","Historical Rate: Fire Agriculture","Historical Year: Fire",5,5,0.0493827160493827
"Dry","O'ahu","Historical Rate: Fire WoodyCrop","Historical Year: Fire",5,5,0.0185185185185185
"Mesic","O'ahu","Historical Rate: Fire Forest","Historical Year: Fire",5,5,0.000565291124929339
"Mesic","O'ahu","Historical Rate: Fire Grassland","Historical Year: Fire",5,5,0.00529100529100529
"Mesic","O'ahu","Historical Rate: Fire Shrubland","Historical Year: Fire",5,5,0.00130208333333333
"Mesic","O'ahu","Historical Rate: Fire Plantation","Historical Year: Fire",5,5,0
"Mesic","O'ahu","Historical Rate: Fire Agriculture","Historical Year: Fire",5,5,0.00694444444444444
"Mesic","O'ahu","Historical Rate: Fire WoodyCrop","Historical Year: Fire",5,5,0
"Wet","O'ahu","Historical Rate: Fire Forest","Historical Year: Fire",5,5,0
"Wet","O'ahu","Historical Rate: Fire Grassland","Historical Year: Fire",5,5,0
"Wet","O'ahu","Historical Rate: Fire Shrubland","Historical Year: Fire",5,5,0
"Wet","O'ahu","Historical Rate: Fire Plantation","Historical Year: Fire",5,5,0
"Dry","Hawai'i","Historical Rate: Fire Forest","Historical Year: Fire",6,6,0
"Dry","Hawai'i","Historical Rate: Fire Grassland","Historical Year: Fire",6,6,0.000110705192073508
"Dry","Hawai'i","Historical Rate: Fire Shrubland","Historical Year: Fire",6,6,0
"Dry","Hawai'i","Historical Rate: Fire Plantation","Historical Year: Fire",6,6,0
"Dry","Hawai'i","Historical Rate: Fire Agriculture","Historical Year: Fire",6,6,0
"Dry","Hawai'i","Historical Rate: Fire WoodyCrop","Historical Year: Fire",6,6,0
"Mesic","Hawai'i","Historical Rate: Fire Forest","Historical Year: Fire",6,6,0.00822117133503092
"Mesic","Hawai'i","Historical Rate: Fire Grassland","Historical Year: Fire",6,6,0.00477554918815664
"Mesic","Hawai'i","Historical Rate: Fire Shrubland","Historical Year: Fire",6,6,0.000312174817898023
"Mesic","Hawai'i","Historical Rate: Fire Plantation","Historical Year: Fire",6,6,0
"Mesic","Hawai'i","Historical Rate: Fire Agriculture","Historical Year: Fire",6,6,0
"Mesic","Hawai'i","Historical Rate: Fire WoodyCrop","Historical Year: Fire",6,6,0
"Wet","Hawai'i","Historical Rate: Fire Forest","Historical Year: Fire",6,6,0
"Wet","Hawai'i","Historical Rate: Fire Grassland","Historical Year: Fire",6,6,0
"Wet","Hawai'i","Historical Rate: Fire Shrubland","Historical Year: Fire",6,6,0
"Wet","Hawai'i","Historical Rate: Fire Plantation","Historical Year: Fire",6,6,0
"Wet","Hawai'i","Historical Rate: Fire Agriculture","Historical Year: Fire",6,6,0
"Wet","Hawai'i","Historical Rate: Fire WoodyCrop","Historical Year: Fire",6,6,0
"Dry","Kaho'olawe","Historical Rate: Fire Forest","Historical Year: Fire",6,6,0
"Dry","Kaho'olawe","Historical Rate: Fire Grassland","Historical Year: Fire",6,6,0
"Dry","Kaho'olawe","Historical Rate: Fire Shrubland","Historical Year: Fire",6,6,0
"Dry","Kaua'i","Historical Rate: Fire Forest","Historical Year: Fire",6,6,0
"Dry","Kaua'i","Historical Rate: Fire Grassland","Historical Year: Fire",6,6,0.0128676470588235
"Dry","Kaua'i","Historical Rate: Fire Shrubland","Historical Year: Fire",6,6,0.000653167864141084
"Dry","Kaua'i","Historical Rate: Fire Plantation","Historical Year: Fire",6,6,0
"Dry","Kaua'i","Historical Rate: Fire Agriculture","Historical Year: Fire",6,6,0.00211714890613973
"Dry","Kaua'i","Historical Rate: Fire WoodyCrop","Historical Year: Fire",6,6,0
"Mesic","Kaua'i","Historical Rate: Fire Forest","Historical Year: Fire",6,6,0
"Mesic","Kaua'i","Historical Rate: Fire Grassland","Historical Year: Fire",6,6,0
"Mesic","Kaua'i","Historical Rate: Fire Shrubland","Historical Year: Fire",6,6,0
"Mesic","Kaua'i","Historical Rate: Fire Plantation","Historical Year: Fire",6,6,0
"Mesic","Kaua'i","Historical Rate: Fire Agriculture","Historical Year: Fire",6,6,0
"Mesic","Kaua'i","Historical Rate: Fire WoodyCrop","Historical Year: Fire",6,6,0
"Wet","Kaua'i","Historical Rate: Fire Forest","Historical Year: Fire",6,6,0
"Wet","Kaua'i","Historical Rate: Fire Grassland","Historical Year: Fire",6,6,0
"Wet","Kaua'i","Historical Rate: Fire Shrubland","Historical Year: Fire",6,6,0
"Wet","Kaua'i","Historical Rate: Fire Plantation","Historical Year: Fire",6,6,0
"Wet","Kaua'i","Historical Rate: Fire Agriculture","Historical Year: Fire",6,6,0
"Dry","Lana'i","Historical Rate: Fire Forest","Historical Year: Fire",6,6,0
"Dry","Lana'i","Historical Rate: Fire Grassland","Historical Year: Fire",6,6,0
"Dry","Lana'i","Historical Rate: Fire Shrubland","Historical Year: Fire",6,6,0
"Dry","Lana'i","Historical Rate: Fire Agriculture","Historical Year: Fire",6,6,0
"Mesic","Lana'i","Historical Rate: Fire Forest","Historical Year: Fire",6,6,0
"Mesic","Lana'i","Historical Rate: Fire Grassland","Historical Year: Fire",6,6,0
"Mesic","Lana'i","Historical Rate: Fire Shrubland","Historical Year: Fire",6,6,0
"Wet","Lana'i","Historical Rate: Fire Forest","Historical Year: Fire",6,6,0
"Wet","Lana'i","Historical Rate: Fire Grassland","Historical Year: Fire",6,6,0
"Wet","Lana'i","Historical Rate: Fire Shrubland","Historical Year: Fire",6,6,0
"Dry","Maui","Historical Rate: Fire Forest","Historical Year: Fire",6,6,0
"Dry","Maui","Historical Rate: Fire Grassland","Historical Year: Fire",6,6,0
"Dry","Maui","Historical Rate: Fire Shrubland","Historical Year: Fire",6,6,0
"Dry","Maui","Historical Rate: Fire Agriculture","Historical Year: Fire",6,6,0
"Dry","Maui","Historical Rate: Fire WoodyCrop","Historical Year: Fire",6,6,0
"Mesic","Maui","Historical Rate: Fire Forest","Historical Year: Fire",6,6,0
"Mesic","Maui","Historical Rate: Fire Grassland","Historical Year: Fire",6,6,0
"Mesic","Maui","Historical Rate: Fire Shrubland","Historical Year: Fire",6,6,0
"Mesic","Maui","Historical Rate: Fire Agriculture","Historical Year: Fire",6,6,0
"Mesic","Maui","Historical Rate: Fire WoodyCrop","Historical Year: Fire",6,6,0
"Wet","Maui","Historical Rate: Fire Forest","Historical Year: Fire",6,6,0
"Wet","Maui","Historical Rate: Fire Grassland","Historical Year: Fire",6,6,0
"Wet","Maui","Historical Rate: Fire Shrubland","Historical Year: Fire",6,6,0
"Wet","Maui","Historical Rate: Fire Agriculture","Historical Year: Fire",6,6,0
"Dry","Moloka'i","Historical Rate: Fire Forest","Historical Year: Fire",6,6,0.0253807106598985
"Dry","Moloka'i","Historical Rate: Fire Grassland","Historical Year: Fire",6,6,0.010126582278481
"Dry","Moloka'i","Historical Rate: Fire Shrubland","Historical Year: Fire",6,6,0.100520340586566
"Dry","Moloka'i","Historical Rate: Fire Agriculture","Historical Year: Fire",6,6,0
"Dry","Moloka'i","Historical Rate: Fire WoodyCrop","Historical Year: Fire",6,6,0
"Mesic","Moloka'i","Historical Rate: Fire Forest","Historical Year: Fire",6,6,0.00160642570281125
"Mesic","Moloka'i","Historical Rate: Fire Grassland","Historical Year: Fire",6,6,0
"Mesic","Moloka'i","Historical Rate: Fire Shrubland","Historical Year: Fire",6,6,0.0554272517321016
"Mesic","Moloka'i","Historical Rate: Fire Plantation","Historical Year: Fire",6,6,0.0827067669172932
"Wet","Moloka'i","Historical Rate: Fire Forest","Historical Year: Fire",6,6,0
"Wet","Moloka'i","Historical Rate: Fire Grassland","Historical Year: Fire",6,6,0
"Wet","Moloka'i","Historical Rate: Fire Shrubland","Historical Year: Fire",6,6,0
"Wet","Moloka'i","Historical Rate: Fire Plantation","Historical Year: Fire",6,6,0
"Dry","O'ahu","Historical Rate: Fire Forest","Historical Year: Fire",6,6,0.00997340425531915
"Dry","O'ahu","Historical Rate: Fire Grassland","Historical Year: Fire",6,6,0.00977777777777778
"Dry","O'ahu","Historical Rate: Fire Shrubland","Historical Year: Fire",6,6,0.00622083981337481
"Dry","O'ahu","Historical Rate: Fire Plantation","Historical Year: Fire",6,6,0
"Dry","O'ahu","Historical Rate: Fire Agriculture","Historical Year: Fire",6,6,0
"Dry","O'ahu","Historical Rate: Fire WoodyCrop","Historical Year: Fire",6,6,0
"Mesic","O'ahu","Historical Rate: Fire Forest","Historical Year: Fire",6,6,0
"Mesic","O'ahu","Historical Rate: Fire Grassland","Historical Year: Fire",6,6,0
"Mesic","O'ahu","Historical Rate: Fire Shrubland","Historical Year: Fire",6,6,0
"Mesic","O'ahu","Historical Rate: Fire Plantation","Historical Year: Fire",6,6,0
"Mesic","O'ahu","Historical Rate: Fire Agriculture","Historical Year: Fire",6,6,0
"Mesic","O'ahu","Historical Rate: Fire WoodyCrop","Historical Year: Fire",6,6,0
"Wet","O'ahu","Historical Rate: Fire Forest","Historical Year: Fire",6,6,0
"Wet","O'ahu","Historical Rate: Fire Grassland","Historical Year: Fire",6,6,0
"Wet","O'ahu","Historical Rate: Fire Shrubland","Historical Year: Fire",6,6,0
"Wet","O'ahu","Historical Rate: Fire Plantation","Historical Year: Fire",6,6,0
"Dry","Hawai'i","Historical Rate: Fire Forest","Historical Year: Fire",7,7,0.00405147759771211
"Dry","Hawai'i","Historical Rate: Fire Grassland","Historical Year: Fire",7,7,0.00586737517989594
"Dry","Hawai'i","Historical Rate: Fire Shrubland","Historical Year: Fire",7,7,0.00791912384161752
"Dry","Hawai'i","Historical Rate: Fire Plantation","Historical Year: Fire",7,7,0
"Dry","Hawai'i","Historical Rate: Fire Agriculture","Historical Year: Fire",7,7,0.195876288659794
"Dry","Hawai'i","Historical Rate: Fire WoodyCrop","Historical Year: Fire",7,7,0.192307692307692
"Mesic","Hawai'i","Historical Rate: Fire Forest","Historical Year: Fire",7,7,0.000145507457257184
"Mesic","Hawai'i","Historical Rate: Fire Grassland","Historical Year: Fire",7,7,0.000434140835286967
"Mesic","Hawai'i","Historical Rate: Fire Shrubland","Historical Year: Fire",7,7,0.00218522372528616
"Mesic","Hawai'i","Historical Rate: Fire Plantation","Historical Year: Fire",7,7,0
"Mesic","Hawai'i","Historical Rate: Fire Agriculture","Historical Year: Fire",7,7,0.00709219858156028
"Mesic","Hawai'i","Historical Rate: Fire WoodyCrop","Historical Year: Fire",7,7,0.00195503421309873
"Wet","Hawai'i","Historical Rate: Fire Forest","Historical Year: Fire",7,7,0
"Wet","Hawai'i","Historical Rate: Fire Grassland","Historical Year: Fire",7,7,0
"Wet","Hawai'i","Historical Rate: Fire Shrubland","Historical Year: Fire",7,7,0
"Wet","Hawai'i","Historical Rate: Fire Plantation","Historical Year: Fire",7,7,0
"Wet","Hawai'i","Historical Rate: Fire Agriculture","Historical Year: Fire",7,7,0
"Wet","Hawai'i","Historical Rate: Fire WoodyCrop","Historical Year: Fire",7,7,0
"Dry","Kaho'olawe","Historical Rate: Fire Forest","Historical Year: Fire",7,7,0
"Dry","Kaho'olawe","Historical Rate: Fire Grassland","Historical Year: Fire",7,7,0
"Dry","Kaho'olawe","Historical Rate: Fire Shrubland","Historical Year: Fire",7,7,0
"Dry","Kaua'i","Historical Rate: Fire Forest","Historical Year: Fire",7,7,0.00754147812971342
"Dry","Kaua'i","Historical Rate: Fire Grassland","Historical Year: Fire",7,7,0
"Dry","Kaua'i","Historical Rate: Fire Shrubland","Historical Year: Fire",7,7,0.0424559111691705
"Dry","Kaua'i","Historical Rate: Fire Plantation","Historical Year: Fire",7,7,0.25
"Dry","Kaua'i","Historical Rate: Fire Agriculture","Historical Year: Fire",7,7,0.0409315455187015
"Dry","Kaua'i","Historical Rate: Fire WoodyCrop","Historical Year: Fire",7,7,0
"Mesic","Kaua'i","Historical Rate: Fire Forest","Historical Year: Fire",7,7,0.00499300978629918
"Mesic","Kaua'i","Historical Rate: Fire Grassland","Historical Year: Fire",7,7,0
"Mesic","Kaua'i","Historical Rate: Fire Shrubland","Historical Year: Fire",7,7,0.000918273645546373
"Mesic","Kaua'i","Historical Rate: Fire Plantation","Historical Year: Fire",7,7,0.136752136752137
"Mesic","Kaua'i","Historical Rate: Fire Agriculture","Historical Year: Fire",7,7,0
"Mesic","Kaua'i","Historical Rate: Fire WoodyCrop","Historical Year: Fire",7,7,0
"Wet","Kaua'i","Historical Rate: Fire Forest","Historical Year: Fire",7,7,0
"Wet","Kaua'i","Historical Rate: Fire Grassland","Historical Year: Fire",7,7,0
"Wet","Kaua'i","Historical Rate: Fire Shrubland","Historical Year: Fire",7,7,0
"Wet","Kaua'i","Historical Rate: Fire Plantation","Historical Year: Fire",7,7,0
"Wet","Kaua'i","Historical Rate: Fire Agriculture","Historical Year: Fire",7,7,0
"Dry","Lana'i","Historical Rate: Fire Forest","Historical Year: Fire",7,7,0
"Dry","Lana'i","Historical Rate: Fire Grassland","Historical Year: Fire",7,7,0
"Dry","Lana'i","Historical Rate: Fire Shrubland","Historical Year: Fire",7,7,0
"Dry","Lana'i","Historical Rate: Fire Agriculture","Historical Year: Fire",7,7,0
"Mesic","Lana'i","Historical Rate: Fire Forest","Historical Year: Fire",7,7,0
"Mesic","Lana'i","Historical Rate: Fire Grassland","Historical Year: Fire",7,7,0
"Mesic","Lana'i","Historical Rate: Fire Shrubland","Historical Year: Fire",7,7,0
"Wet","Lana'i","Historical Rate: Fire Forest","Historical Year: Fire",7,7,0
"Wet","Lana'i","Historical Rate: Fire Grassland","Historical Year: Fire",7,7,0
"Wet","Lana'i","Historical Rate: Fire Shrubland","Historical Year: Fire",7,7,0
"Dry","Maui","Historical Rate: Fire Forest","Historical Year: Fire",7,7,0
"Dry","Maui","Historical Rate: Fire Grassland","Historical Year: Fire",7,7,0
"Dry","Maui","Historical Rate: Fire Shrubland","Historical Year: Fire",7,7,0
"Dry","Maui","Historical Rate: Fire Agriculture","Historical Year: Fire",7,7,0
"Dry","Maui","Historical Rate: Fire WoodyCrop","Historical Year: Fire",7,7,0
"Mesic","Maui","Historical Rate: Fire Forest","Historical Year: Fire",7,7,0
"Mesic","Maui","Historical Rate: Fire Grassland","Historical Year: Fire",7,7,0
"Mesic","Maui","Historical Rate: Fire Shrubland","Historical Year: Fire",7,7,0
"Mesic","Maui","Historical Rate: Fire Agriculture","Historical Year: Fire",7,7,0
"Mesic","Maui","Historical Rate: Fire WoodyCrop","Historical Year: Fire",7,7,0
"Wet","Maui","Historical Rate: Fire Forest","Historical Year: Fire",7,7,0
"Wet","Maui","Historical Rate: Fire Grassland","Historical Year: Fire",7,7,0
"Wet","Maui","Historical Rate: Fire Shrubland","Historical Year: Fire",7,7,0
"Wet","Maui","Historical Rate: Fire Agriculture","Historical Year: Fire",7,7,0
"Dry","Moloka'i","Historical Rate: Fire Forest","Historical Year: Fire",7,7,0
"Dry","Moloka'i","Historical Rate: Fire Grassland","Historical Year: Fire",7,7,0
"Dry","Moloka'i","Historical Rate: Fire Shrubland","Historical Year: Fire",7,7,0.00141911069063387
"Dry","Moloka'i","Historical Rate: Fire Agriculture","Historical Year: Fire",7,7,0
"Dry","Moloka'i","Historical Rate: Fire WoodyCrop","Historical Year: Fire",7,7,0
"Mesic","Moloka'i","Historical Rate: Fire Forest","Historical Year: Fire",7,7,0
"Mesic","Moloka'i","Historical Rate: Fire Grassland","Historical Year: Fire",7,7,0
"Mesic","Moloka'i","Historical Rate: Fire Shrubland","Historical Year: Fire",7,7,0
"Mesic","Moloka'i","Historical Rate: Fire Plantation","Historical Year: Fire",7,7,0
"Wet","Moloka'i","Historical Rate: Fire Forest","Historical Year: Fire",7,7,0
"Wet","Moloka'i","Historical Rate: Fire Grassland","Historical Year: Fire",7,7,0
"Wet","Moloka'i","Historical Rate: Fire Shrubland","Historical Year: Fire",7,7,0
"Wet","Moloka'i","Historical Rate: Fire Plantation","Historical Year: Fire",7,7,0
"Dry","O'ahu","Historical Rate: Fire Forest","Historical Year: Fire",7,7,0.0186170212765957
"Dry","O'ahu","Historical Rate: Fire Grassland","Historical Year: Fire",7,7,0.0373333333333333
"Dry","O'ahu","Historical Rate: Fire Shrubland","Historical Year: Fire",7,7,0.0233281493001555
"Dry","O'ahu","Historical Rate: Fire Plantation","Historical Year: Fire",7,7,0
"Dry","O'ahu","Historical Rate: Fire Agriculture","Historical Year: Fire",7,7,0.00194931773879142
"Dry","O'ahu","Historical Rate: Fire WoodyCrop","Historical Year: Fire",7,7,0
"Mesic","O'ahu","Historical Rate: Fire Forest","Historical Year: Fire",7,7,0.000376860749952892
"Mesic","O'ahu","Historical Rate: Fire Grassland","Historical Year: Fire",7,7,0.00264550264550265
"Mesic","O'ahu","Historical Rate: Fire Shrubland","Historical Year: Fire",7,7,0.00130208333333333
"Mesic","O'ahu","Historical Rate: Fire Plantation","Historical Year: Fire",7,7,0
"Mesic","O'ahu","Historical Rate: Fire Agriculture","Historical Year: Fire",7,7,0
"Mesic","O'ahu","Historical Rate: Fire WoodyCrop","Historical Year: Fire",7,7,0
"Wet","O'ahu","Historical Rate: Fire Forest","Historical Year: Fire",7,7,0
"Wet","O'ahu","Historical Rate: Fire Grassland","Historical Year: Fire",7,7,0
"Wet","O'ahu","Historical Rate: Fire Shrubland","Historical Year: Fire",7,7,0
"Wet","O'ahu","Historical Rate: Fire Plantation","Historical Year: Fire",7,7,0
"Dry","Hawai'i","Historical Rate: Fire Forest","Historical Year: Fire",8,8,0.00119161105815062
"Dry","Hawai'i","Historical Rate: Fire Grassland","Historical Year: Fire",8,8,0.00857965238569689
"Dry","Hawai'i","Historical Rate: Fire Shrubland","Historical Year: Fire",8,8,0.00033698399326032
"Dry","Hawai'i","Historical Rate: Fire Plantation","Historical Year: Fire",8,8,0
"Dry","Hawai'i","Historical Rate: Fire Agriculture","Historical Year: Fire",8,8,0.0309278350515464
"Dry","Hawai'i","Historical Rate: Fire WoodyCrop","Historical Year: Fire",8,8,0
"Mesic","Hawai'i","Historical Rate: Fire Forest","Historical Year: Fire",8,8,0
"Mesic","Hawai'i","Historical Rate: Fire Grassland","Historical Year: Fire",8,8,0
"Mesic","Hawai'i","Historical Rate: Fire Shrubland","Historical Year: Fire",8,8,0
"Mesic","Hawai'i","Historical Rate: Fire Plantation","Historical Year: Fire",8,8,0
"Mesic","Hawai'i","Historical Rate: Fire Agriculture","Historical Year: Fire",8,8,0
"Mesic","Hawai'i","Historical Rate: Fire WoodyCrop","Historical Year: Fire",8,8,0
"Wet","Hawai'i","Historical Rate: Fire Forest","Historical Year: Fire",8,8,0.00104071013161922
"Wet","Hawai'i","Historical Rate: Fire Grassland","Historical Year: Fire",8,8,0.00160978750804894
"Wet","Hawai'i","Historical Rate: Fire Shrubland","Historical Year: Fire",8,8,0.0121102028458977
"Wet","Hawai'i","Historical Rate: Fire Plantation","Historical Year: Fire",8,8,0
"Wet","Hawai'i","Historical Rate: Fire Agriculture","Historical Year: Fire",8,8,0.00259216589861751
"Wet","Hawai'i","Historical Rate: Fire WoodyCrop","Historical Year: Fire",8,8,0
"Dry","Kaho'olawe","Historical Rate: Fire Forest","Historical Year: Fire",8,8,0
"Dry","Kaho'olawe","Historical Rate: Fire Grassland","Historical Year: Fire",8,8,0
"Dry","Kaho'olawe","Historical Rate: Fire Shrubland","Historical Year: Fire",8,8,0
"Dry","Kaua'i","Historical Rate: Fire Forest","Historical Year: Fire",8,8,0
"Dry","Kaua'i","Historical Rate: Fire Grassland","Historical Year: Fire",8,8,0.00551470588235294
"Dry","Kaua'i","Historical Rate: Fire Shrubland","Historical Year: Fire",8,8,0.00783801436969301
"Dry","Kaua'i","Historical Rate: Fire Plantation","Historical Year: Fire",8,8,0
"Dry","Kaua'i","Historical Rate: Fire Agriculture","Historical Year: Fire",8,8,0.0169371912491179
"Dry","Kaua'i","Historical Rate: Fire WoodyCrop","Historical Year: Fire",8,8,0
"Mesic","Kaua'i","Historical Rate: Fire Forest","Historical Year: Fire",8,8,0.000399440782903934
"Mesic","Kaua'i","Historical Rate: Fire Grassland","Historical Year: Fire",8,8,0.001194743130227
"Mesic","Kaua'i","Historical Rate: Fire Shrubland","Historical Year: Fire",8,8,0
"Mesic","Kaua'i","Historical Rate: Fire Plantation","Historical Year: Fire",8,8,0
"Mesic","Kaua'i","Historical Rate: Fire Agriculture","Historical Year: Fire",8,8,0.00399467376830892
"Mesic","Kaua'i","Historical Rate: Fire WoodyCrop","Historical Year: Fire",8,8,0
"Wet","Kaua'i","Historical Rate: Fire Forest","Historical Year: Fire",8,8,0
"Wet","Kaua'i","Historical Rate: Fire Grassland","Historical Year: Fire",8,8,0
"Wet","Kaua'i","Historical Rate: Fire Shrubland","Historical Year: Fire",8,8,0
"Wet","Kaua'i","Historical Rate: Fire Plantation","Historical Year: Fire",8,8,0
"Wet","Kaua'i","Historical Rate: Fire Agriculture","Historical Year: Fire",8,8,0
"Dry","Lana'i","Historical Rate: Fire Forest","Historical Year: Fire",8,8,0
"Dry","Lana'i","Historical Rate: Fire Grassland","Historical Year: Fire",8,8,0
"Dry","Lana'i","Historical Rate: Fire Shrubland","Historical Year: Fire",8,8,0
"Dry","Lana'i","Historical Rate: Fire Agriculture","Historical Year: Fire",8,8,0
"Mesic","Lana'i","Historical Rate: Fire Forest","Historical Year: Fire",8,8,0
"Mesic","Lana'i","Historical Rate: Fire Grassland","Historical Year: Fire",8,8,0
"Mesic","Lana'i","Historical Rate: Fire Shrubland","Historical Year: Fire",8,8,0
"Wet","Lana'i","Historical Rate: Fire Forest","Historical Year: Fire",8,8,0
"Wet","Lana'i","Historical Rate: Fire Grassland","Historical Year: Fire",8,8,0
"Wet","Lana'i","Historical Rate: Fire Shrubland","Historical Year: Fire",8,8,0
"Dry","Maui","Historical Rate: Fire Forest","Historical Year: Fire",8,8,0.000922934933087217
"Dry","Maui","Historical Rate: Fire Grassland","Historical Year: Fire",8,8,0.001585414189457
"Dry","Maui","Historical Rate: Fire Shrubland","Historical Year: Fire",8,8,0
"Dry","Maui","Historical Rate: Fire Agriculture","Historical Year: Fire",8,8,0.0109119251753702
"Dry","Maui","Historical Rate: Fire WoodyCrop","Historical Year: Fire",8,8,0
"Mesic","Maui","Historical Rate: Fire Forest","Historical Year: Fire",8,8,0
"Mesic","Maui","Historical Rate: Fire Grassland","Historical Year: Fire",8,8,0
"Mesic","Maui","Historical Rate: Fire Shrubland","Historical Year: Fire",8,8,0
"Mesic","Maui","Historical Rate: Fire Agriculture","Historical Year: Fire",8,8,0
"Mesic","Maui","Historical Rate: Fire WoodyCrop","Historical Year: Fire",8,8,0
"Wet","Maui","Historical Rate: Fire Forest","Historical Year: Fire",8,8,0
"Wet","Maui","Historical Rate: Fire Grassland","Historical Year: Fire",8,8,0
"Wet","Maui","Historical Rate: Fire Shrubland","Historical Year: Fire",8,8,0
"Wet","Maui","Historical Rate: Fire Agriculture","Historical Year: Fire",8,8,0
"Dry","Moloka'i","Historical Rate: Fire Forest","Historical Year: Fire",8,8,0
"Dry","Moloka'i","Historical Rate: Fire Grassland","Historical Year: Fire",8,8,0
"Dry","Moloka'i","Historical Rate: Fire Shrubland","Historical Year: Fire",8,8,0
"Dry","Moloka'i","Historical Rate: Fire Agriculture","Historical Year: Fire",8,8,0
"Dry","Moloka'i","Historical Rate: Fire WoodyCrop","Historical Year: Fire",8,8,0
"Mesic","Moloka'i","Historical Rate: Fire Forest","Historical Year: Fire",8,8,0
"Mesic","Moloka'i","Historical Rate: Fire Grassland","Historical Year: Fire",8,8,0
"Mesic","Moloka'i","Historical Rate: Fire Shrubland","Historical Year: Fire",8,8,0
"Mesic","Moloka'i","Historical Rate: Fire Plantation","Historical Year: Fire",8,8,0
"Wet","Moloka'i","Historical Rate: Fire Forest","Historical Year: Fire",8,8,0
"Wet","Moloka'i","Historical Rate: Fire Grassland","Historical Year: Fire",8,8,0
"Wet","Moloka'i","Historical Rate: Fire Shrubland","Historical Year: Fire",8,8,0
"Wet","Moloka'i","Historical Rate: Fire Plantation","Historical Year: Fire",8,8,0
"Dry","O'ahu","Historical Rate: Fire Forest","Historical Year: Fire",8,8,0
"Dry","O'ahu","Historical Rate: Fire Grassland","Historical Year: Fire",8,8,0.00888888888888889
"Dry","O'ahu","Historical Rate: Fire Shrubland","Historical Year: Fire",8,8,0.00570243649559357
"Dry","O'ahu","Historical Rate: Fire Plantation","Historical Year: Fire",8,8,0
"Dry","O'ahu","Historical Rate: Fire Agriculture","Historical Year: Fire",8,8,0.00194931773879142
"Dry","O'ahu","Historical Rate: Fire WoodyCrop","Historical Year: Fire",8,8,0
"Mesic","O'ahu","Historical Rate: Fire Forest","Historical Year: Fire",8,8,0.000188430374976446
"Mesic","O'ahu","Historical Rate: Fire Grassland","Historical Year: Fire",8,8,0
"Mesic","O'ahu","Historical Rate: Fire Shrubland","Historical Year: Fire",8,8,0
"Mesic","O'ahu","Historical Rate: Fire Plantation","Historical Year: Fire",8,8,0.00956937799043062
"Mesic","O'ahu","Historical Rate: Fire Agriculture","Historical Year: Fire",8,8,0
"Mesic","O'ahu","Historical Rate: Fire WoodyCrop","Historical Year: Fire",8,8,0
"Wet","O'ahu","Historical Rate: Fire Forest","Historical Year: Fire",8,8,0.00466079751424133
"Wet","O'ahu","Historical Rate: Fire Grassland","Historical Year: Fire",8,8,0
"Wet","O'ahu","Historical Rate: Fire Shrubland","Historical Year: Fire",8,8,0
"Wet","O'ahu","Historical Rate: Fire Plantation","Historical Year: Fire",8,8,0
"Dry","Hawai'i","Historical Rate: Fire Forest","Historical Year: Fire",9,9,0.000238322211630124
"Dry","Hawai'i","Historical Rate: Fire Grassland","Historical Year: Fire",9,9,0.00182663566921289
"Dry","Hawai'i","Historical Rate: Fire Shrubland","Historical Year: Fire",9,9,0.00109519797809604
"Dry","Hawai'i","Historical Rate: Fire Plantation","Historical Year: Fire",9,9,0
"Dry","Hawai'i","Historical Rate: Fire Agriculture","Historical Year: Fire",9,9,0
"Dry","Hawai'i","Historical Rate: Fire WoodyCrop","Historical Year: Fire",9,9,0
"Mesic","Hawai'i","Historical Rate: Fire Forest","Historical Year: Fire",9,9,0
"Mesic","Hawai'i","Historical Rate: Fire Grassland","Historical Year: Fire",9,9,0
"Mesic","Hawai'i","Historical Rate: Fire Shrubland","Historical Year: Fire",9,9,0
"Mesic","Hawai'i","Historical Rate: Fire Plantation","Historical Year: Fire",9,9,0
"Mesic","Hawai'i","Historical Rate: Fire Agriculture","Historical Year: Fire",9,9,0
"Mesic","Hawai'i","Historical Rate: Fire WoodyCrop","Historical Year: Fire",9,9,0
"Wet","Hawai'i","Historical Rate: Fire Forest","Historical Year: Fire",9,9,0
"Wet","Hawai'i","Historical Rate: Fire Grassland","Historical Year: Fire",9,9,0
"Wet","Hawai'i","Historical Rate: Fire Shrubland","Historical Year: Fire",9,9,0
"Wet","Hawai'i","Historical Rate: Fire Plantation","Historical Year: Fire",9,9,0
"Wet","Hawai'i","Historical Rate: Fire Agriculture","Historical Year: Fire",9,9,0
"Wet","Hawai'i","Historical Rate: Fire WoodyCrop","Historical Year: Fire",9,9,0
"Dry","Kaho'olawe","Historical Rate: Fire Forest","Historical Year: Fire",9,9,0
"Dry","Kaho'olawe","Historical Rate: Fire Grassland","Historical Year: Fire",9,9,0
"Dry","Kaho'olawe","Historical Rate: Fire Shrubland","Historical Year: Fire",9,9,0
"Dry","Kaua'i","Historical Rate: Fire Forest","Historical Year: Fire",9,9,0.00150829562594268
"Dry","Kaua'i","Historical Rate: Fire Grassland","Historical Year: Fire",9,9,0
"Dry","Kaua'i","Historical Rate: Fire Shrubland","Historical Year: Fire",9,9,0
"Dry","Kaua'i","Historical Rate: Fire Plantation","Historical Year: Fire",9,9,0
"Dry","Kaua'i","Historical Rate: Fire Agriculture","Historical Year: Fire",9,9,0.00141143260409315
"Dry","Kaua'i","Historical Rate: Fire WoodyCrop","Historical Year: Fire",9,9,0
"Mesic","Kaua'i","Historical Rate: Fire Forest","Historical Year: Fire",9,9,0
"Mesic","Kaua'i","Historical Rate: Fire Grassland","Historical Year: Fire",9,9,0
"Mesic","Kaua'i","Historical Rate: Fire Shrubland","Historical Year: Fire",9,9,0
"Mesic","Kaua'i","Historical Rate: Fire Plantation","Historical Year: Fire",9,9,0
"Mesic","Kaua'i","Historical Rate: Fire Agriculture","Historical Year: Fire",9,9,0
"Mesic","Kaua'i","Historical Rate: Fire WoodyCrop","Historical Year: Fire",9,9,0
"Wet","Kaua'i","Historical Rate: Fire Forest","Historical Year: Fire",9,9,0
"Wet","Kaua'i","Historical Rate: Fire Grassland","Historical Year: Fire",9,9,0
"Wet","Kaua'i","Historical Rate: Fire Shrubland","Historical Year: Fire",9,9,0
"Wet","Kaua'i","Historical Rate: Fire Plantation","Historical Year: Fire",9,9,0
"Wet","Kaua'i","Historical Rate: Fire Agriculture","Historical Year: Fire",9,9,0
"Dry","Lana'i","Historical Rate: Fire Forest","Historical Year: Fire",9,9,0
"Dry","Lana'i","Historical Rate: Fire Grassland","Historical Year: Fire",9,9,0
"Dry","Lana'i","Historical Rate: Fire Shrubland","Historical Year: Fire",9,9,0
"Dry","Lana'i","Historical Rate: Fire Agriculture","Historical Year: Fire",9,9,0
"Mesic","Lana'i","Historical Rate: Fire Forest","Historical Year: Fire",9,9,0
"Mesic","Lana'i","Historical Rate: Fire Grassland","Historical Year: Fire",9,9,0
"Mesic","Lana'i","Historical Rate: Fire Shrubland","Historical Year: Fire",9,9,0
"Wet","Lana'i","Historical Rate: Fire Forest","Historical Year: Fire",9,9,0
"Wet","Lana'i","Historical Rate: Fire Grassland","Historical Year: Fire",9,9,0
"Wet","Lana'i","Historical Rate: Fire Shrubland","Historical Year: Fire",9,9,0
"Dry","Maui","Historical Rate: Fire Forest","Historical Year: Fire",9,9,0.00415320719889248
"Dry","Maui","Historical Rate: Fire Grassland","Historical Year: Fire",9,9,0.13991280221958
"Dry","Maui","Historical Rate: Fire Shrubland","Historical Year: Fire",9,9,0.0944625407166124
"Dry","Maui","Historical Rate: Fire Agriculture","Historical Year: Fire",9,9,0.0140296180826189
"Dry","Maui","Historical Rate: Fire WoodyCrop","Historical Year: Fire",9,9,0
"Mesic","Maui","Historical Rate: Fire Forest","Historical Year: Fire",9,9,0
"Mesic","Maui","Historical Rate: Fire Grassland","Historical Year: Fire",9,9,0.010989010989011
"Mesic","Maui","Historical Rate: Fire Shrubland","Historical Year: Fire",9,9,0
"Mesic","Maui","Historical Rate: Fire Agriculture","Historical Year: Fire",9,9,0
"Mesic","Maui","Historical Rate: Fire WoodyCrop","Historical Year: Fire",9,9,0
"Wet","Maui","Historical Rate: Fire Forest","Historical Year: Fire",9,9,0
"Wet","Maui","Historical Rate: Fire Grassland","Historical Year: Fire",9,9,0
"Wet","Maui","Historical Rate: Fire Shrubland","Historical Year: Fire",9,9,0
"Wet","Maui","Historical Rate: Fire Agriculture","Historical Year: Fire",9,9,0
"Dry","Moloka'i","Historical Rate: Fire Forest","Historical Year: Fire",9,9,0
"Dry","Moloka'i","Historical Rate: Fire Grassland","Historical Year: Fire",9,9,0
"Dry","Moloka'i","Historical Rate: Fire Shrubland","Historical Year: Fire",9,9,0
"Dry","Moloka'i","Historical Rate: Fire Agriculture","Historical Year: Fire",9,9,0
"Dry","Moloka'i","Historical Rate: Fire WoodyCrop","Historical Year: Fire",9,9,0
"Mesic","Moloka'i","Historical Rate: Fire Forest","Historical Year: Fire",9,9,0
"Mesic","Moloka'i","Historical Rate: Fire Grassland","Historical Year: Fire",9,9,0
"Mesic","Moloka'i","Historical Rate: Fire Shrubland","Historical Year: Fire",9,9,0
"Mesic","Moloka'i","Historical Rate: Fire Plantation","Historical Year: Fire",9,9,0
"Wet","Moloka'i","Historical Rate: Fire Forest","Historical Year: Fire",9,9,0
"Wet","Moloka'i","Historical Rate: Fire Grassland","Historical Year: Fire",9,9,0
"Wet","Moloka'i","Historical Rate: Fire Shrubland","Historical Year: Fire",9,9,0
"Wet","Moloka'i","Historical Rate: Fire Plantation","Historical Year: Fire",9,9,0
"Dry","O'ahu","Historical Rate: Fire Forest","Historical Year: Fire",9,9,0.00797872340425532
"Dry","O'ahu","Historical Rate: Fire Grassland","Historical Year: Fire",9,9,0.0168888888888889
"Dry","O'ahu","Historical Rate: Fire Shrubland","Historical Year: Fire",9,9,0.0207361327112494
"Dry","O'ahu","Historical Rate: Fire Plantation","Historical Year: Fire",9,9,0
"Dry","O'ahu","Historical Rate: Fire Agriculture","Historical Year: Fire",9,9,0
"Dry","O'ahu","Historical Rate: Fire WoodyCrop","Historical Year: Fire",9,9,0
"Mesic","O'ahu","Historical Rate: Fire Forest","Historical Year: Fire",9,9,0.000188430374976446
"Mesic","O'ahu","Historical Rate: Fire Grassland","Historical Year: Fire",9,9,0.0105820105820106
"Mesic","O'ahu","Historical Rate: Fire Shrubland","Historical Year: Fire",9,9,0.00130208333333333
"Mesic","O'ahu","Historical Rate: Fire Plantation","Historical Year: Fire",9,9,0
"Mesic","O'ahu","Historical Rate: Fire Agriculture","Historical Year: Fire",9,9,0
"Mesic","O'ahu","Historical Rate: Fire WoodyCrop","Historical Year: Fire",9,9,0
"Wet","O'ahu","Historical Rate: Fire Forest","Historical Year: Fire",9,9,0
"Wet","O'ahu","Historical Rate: Fire Grassland","Historical Year: Fire",9,9,0
"Wet","O'ahu","Historical Rate: Fire Shrubland","Historical Year: Fire",9,9,0
"Wet","O'ahu","Historical Rate: Fire Plantation","Historical Year: Fire",9,9,0
"Dry","Hawai'i","Historical Rate: Fire Forest","Historical Year: Fire",10,10,0.00405147759771211
"Dry","Hawai'i","Historical Rate: Fire Grassland","Historical Year: Fire",10,10,0.00105169932469833
"Dry","Hawai'i","Historical Rate: Fire Shrubland","Historical Year: Fire",10,10,0.0088458298230834
"Dry","Hawai'i","Historical Rate: Fire Plantation","Historical Year: Fire",10,10,0
"Dry","Hawai'i","Historical Rate: Fire Agriculture","Historical Year: Fire",10,10,0
"Dry","Hawai'i","Historical Rate: Fire WoodyCrop","Historical Year: Fire",10,10,0
"Mesic","Hawai'i","Historical Rate: Fire Forest","Historical Year: Fire",10,10,0.0130956711531466
"Mesic","Hawai'i","Historical Rate: Fire Grassland","Historical Year: Fire",10,10,0.00191021967526266
"Mesic","Hawai'i","Historical Rate: Fire Shrubland","Historical Year: Fire",10,10,0.00395421436004162
"Mesic","Hawai'i","Historical Rate: Fire Plantation","Historical Year: Fire",10,10,0
"Mesic","Hawai'i","Historical Rate: Fire Agriculture","Historical Year: Fire",10,10,0.00810536980749747
"Mesic","Hawai'i","Historical Rate: Fire WoodyCrop","Historical Year: Fire",10,10,0
"Wet","Hawai'i","Historical Rate: Fire Forest","Historical Year: Fire",10,10,0
"Wet","Hawai'i","Historical Rate: Fire Grassland","Historical Year: Fire",10,10,0
"Wet","Hawai'i","Historical Rate: Fire Shrubland","Historical Year: Fire",10,10,0
"Wet","Hawai'i","Historical Rate: Fire Plantation","Historical Year: Fire",10,10,0
"Wet","Hawai'i","Historical Rate: Fire Agriculture","Historical Year: Fire",10,10,0
"Wet","Hawai'i","Historical Rate: Fire WoodyCrop","Historical Year: Fire",10,10,0
"Dry","Kaho'olawe","Historical Rate: Fire Forest","Historical Year: Fire",10,10,0
"Dry","Kaho'olawe","Historical Rate: Fire Grassland","Historical Year: Fire",10,10,0
"Dry","Kaho'olawe","Historical Rate: Fire Shrubland","Historical Year: Fire",10,10,0
"Dry","Kaua'i","Historical Rate: Fire Forest","Historical Year: Fire",10,10,0
"Dry","Kaua'i","Historical Rate: Fire Grassland","Historical Year: Fire",10,10,0
"Dry","Kaua'i","Historical Rate: Fire Shrubland","Historical Year: Fire",10,10,0
"Dry","Kaua'i","Historical Rate: Fire Plantation","Historical Year: Fire",10,10,0
"Dry","Kaua'i","Historical Rate: Fire Agriculture","Historical Year: Fire",10,10,0
"Dry","Kaua'i","Historical Rate: Fire WoodyCrop","Historical Year: Fire",10,10,0
"Mesic","Kaua'i","Historical Rate: Fire Forest","Historical Year: Fire",10,10,0
"Mesic","Kaua'i","Historical Rate: Fire Grassland","Historical Year: Fire",10,10,0
"Mesic","Kaua'i","Historical Rate: Fire Shrubland","Historical Year: Fire",10,10,0
"Mesic","Kaua'i","Historical Rate: Fire Plantation","Historical Year: Fire",10,10,0
"Mesic","Kaua'i","Historical Rate: Fire Agriculture","Historical Year: Fire",10,10,0
"Mesic","Kaua'i","Historical Rate: Fire WoodyCrop","Historical Year: Fire",10,10,0
"Wet","Kaua'i","Historical Rate: Fire Forest","Historical Year: Fire",10,10,0
"Wet","Kaua'i","Historical Rate: Fire Grassland","Historical Year: Fire",10,10,0
"Wet","Kaua'i","Historical Rate: Fire Shrubland","Historical Year: Fire",10,10,0
"Wet","Kaua'i","Historical Rate: Fire Plantation","Historical Year: Fire",10,10,0
"Wet","Kaua'i","Historical Rate: Fire Agriculture","Historical Year: Fire",10,10,0
"Dry","Lana'i","Historical Rate: Fire Forest","Historical Year: Fire",10,10,0
"Dry","Lana'i","Historical Rate: Fire Grassland","Historical Year: Fire",10,10,0
"Dry","Lana'i","Historical Rate: Fire Shrubland","Historical Year: Fire",10,10,0
"Dry","Lana'i","Historical Rate: Fire Agriculture","Historical Year: Fire",10,10,0
"Mesic","Lana'i","Historical Rate: Fire Forest","Historical Year: Fire",10,10,0
"Mesic","Lana'i","Historical Rate: Fire Grassland","Historical Year: Fire",10,10,0
"Mesic","Lana'i","Historical Rate: Fire Shrubland","Historical Year: Fire",10,10,0
"Wet","Lana'i","Historical Rate: Fire Forest","Historical Year: Fire",10,10,0
"Wet","Lana'i","Historical Rate: Fire Grassland","Historical Year: Fire",10,10,0
"Wet","Lana'i","Historical Rate: Fire Shrubland","Historical Year: Fire",10,10,0
"Dry","Maui","Historical Rate: Fire Forest","Historical Year: Fire",10,10,0.00230733733271804
"Dry","Maui","Historical Rate: Fire Grassland","Historical Year: Fire",10,10,0.00435988902100674
"Dry","Maui","Historical Rate: Fire Shrubland","Historical Year: Fire",10,10,0.0690553745928339
"Dry","Maui","Historical Rate: Fire Agriculture","Historical Year: Fire",10,10,0.03247596778384
"Dry","Maui","Historical Rate: Fire WoodyCrop","Historical Year: Fire",10,10,0
"Mesic","Maui","Historical Rate: Fire Forest","Historical Year: Fire",10,10,0
"Mesic","Maui","Historical Rate: Fire Grassland","Historical Year: Fire",10,10,0.00084530853761623
"Mesic","Maui","Historical Rate: Fire Shrubland","Historical Year: Fire",10,10,0.00233100233100233
"Mesic","Maui","Historical Rate: Fire Agriculture","Historical Year: Fire",10,10,0
"Mesic","Maui","Historical Rate: Fire WoodyCrop","Historical Year: Fire",10,10,0
"Wet","Maui","Historical Rate: Fire Forest","Historical Year: Fire",10,10,0
"Wet","Maui","Historical Rate: Fire Grassland","Historical Year: Fire",10,10,0
"Wet","Maui","Historical Rate: Fire Shrubland","Historical Year: Fire",10,10,0
"Wet","Maui","Historical Rate: Fire Agriculture","Historical Year: Fire",10,10,0
"Dry","Moloka'i","Historical Rate: Fire Forest","Historical Year: Fire",10,10,0
"Dry","Moloka'i","Historical Rate: Fire Grassland","Historical Year: Fire",10,10,0
"Dry","Moloka'i","Historical Rate: Fire Shrubland","Historical Year: Fire",10,10,0
"Dry","Moloka'i","Historical Rate: Fire Agriculture","Historical Year: Fire",10,10,0
"Dry","Moloka'i","Historical Rate: Fire WoodyCrop","Historical Year: Fire",10,10,0
"Mesic","Moloka'i","Historical Rate: Fire Forest","Historical Year: Fire",10,10,0
"Mesic","Moloka'i","Historical Rate: Fire Grassland","Historical Year: Fire",10,10,0
"Mesic","Moloka'i","Historical Rate: Fire Shrubland","Historical Year: Fire",10,10,0
"Mesic","Moloka'i","Historical Rate: Fire Plantation","Historical Year: Fire",10,10,0
"Wet","Moloka'i","Historical Rate: Fire Forest","Historical Year: Fire",10,10,0
"Wet","Moloka'i","Historical Rate: Fire Grassland","Historical Year: Fire",10,10,0
"Wet","Moloka'i","Historical Rate: Fire Shrubland","Historical Year: Fire",10,10,0
"Wet","Moloka'i","Historical Rate: Fire Plantation","Historical Year: Fire",10,10,0
"Dry","O'ahu","Historical Rate: Fire Forest","Historical Year: Fire",10,10,0.0352393617021277
"Dry","O'ahu","Historical Rate: Fire Grassland","Historical Year: Fire",10,10,0.127111111111111
"Dry","O'ahu","Historical Rate: Fire Shrubland","Historical Year: Fire",10,10,0.0430274753758424
"Dry","O'ahu","Historical Rate: Fire Plantation","Historical Year: Fire",10,10,0
"Dry","O'ahu","Historical Rate: Fire Agriculture","Historical Year: Fire",10,10,0.0032488628979857
"Dry","O'ahu","Historical Rate: Fire WoodyCrop","Historical Year: Fire",10,10,0
"Mesic","O'ahu","Historical Rate: Fire Forest","Historical Year: Fire",10,10,0.000565291124929339
"Mesic","O'ahu","Historical Rate: Fire Grassland","Historical Year: Fire",10,10,0.0105820105820106
"Mesic","O'ahu","Historical Rate: Fire Shrubland","Historical Year: Fire",10,10,0.00520833333333333
"Mesic","O'ahu","Historical Rate: Fire Plantation","Historical Year: Fire",10,10,0
"Mesic","O'ahu","Historical Rate: Fire Agriculture","Historical Year: Fire",10,10,0.00694444444444444
"Mesic","O'ahu","Historical Rate: Fire WoodyCrop","Historical Year: Fire",10,10,0
"Wet","O'ahu","Historical Rate: Fire Forest","Historical Year: Fire",10,10,0
"Wet","O'ahu","Historical Rate: Fire Grassland","Historical Year: Fire",10,10,0
"Wet","O'ahu","Historical Rate: Fire Shrubland","Historical Year: Fire",10,10,0
"Wet","O'ahu","Historical Rate: Fire Plantation","Historical Year: Fire",10,10,0
"Dry","Hawai'i","Historical Rate: Fire Forest","Historical Year: Fire",11,11,0.000714966634890372
"Dry","Hawai'i","Historical Rate: Fire Grassland","Historical Year: Fire",11,11,0.000332115576220525
"Dry","Hawai'i","Historical Rate: Fire Shrubland","Historical Year: Fire",11,11,0.00050547598989048
"Dry","Hawai'i","Historical Rate: Fire Plantation","Historical Year: Fire",11,11,0
"Dry","Hawai'i","Historical Rate: Fire Agriculture","Historical Year: Fire",11,11,0
"Dry","Hawai'i","Historical Rate: Fire WoodyCrop","Historical Year: Fire",11,11,0
"Mesic","Hawai'i","Historical Rate: Fire Forest","Historical Year: Fire",11,11,0
"Mesic","Hawai'i","Historical Rate: Fire Grassland","Historical Year: Fire",11,11,0
"Mesic","Hawai'i","Historical Rate: Fire Shrubland","Historical Year: Fire",11,11,0
"Mesic","Hawai'i","Historical Rate: Fire Plantation","Historical Year: Fire",11,11,0
"Mesic","Hawai'i","Historical Rate: Fire Agriculture","Historical Year: Fire",11,11,0
"Mesic","Hawai'i","Historical Rate: Fire WoodyCrop","Historical Year: Fire",11,11,0
"Wet","Hawai'i","Historical Rate: Fire Forest","Historical Year: Fire",11,11,0
"Wet","Hawai'i","Historical Rate: Fire Grassland","Historical Year: Fire",11,11,0
"Wet","Hawai'i","Historical Rate: Fire Shrubland","Historical Year: Fire",11,11,0
"Wet","Hawai'i","Historical Rate: Fire Plantation","Historical Year: Fire",11,11,0
"Wet","Hawai'i","Historical Rate: Fire Agriculture","Historical Year: Fire",11,11,0
"Wet","Hawai'i","Historical Rate: Fire WoodyCrop","Historical Year: Fire",11,11,0
"Dry","Kaho'olawe","Historical Rate: Fire Forest","Historical Year: Fire",11,11,0
"Dry","Kaho'olawe","Historical Rate: Fire Grassland","Historical Year: Fire",11,11,0
"Dry","Kaho'olawe","Historical Rate: Fire Shrubland","Historical Year: Fire",11,11,0
"Dry","Kaua'i","Historical Rate: Fire Forest","Historical Year: Fire",11,11,0
"Dry","Kaua'i","Historical Rate: Fire Grassland","Historical Year: Fire",11,11,0.00735294117647059
"Dry","Kaua'i","Historical Rate: Fire Shrubland","Historical Year: Fire",11,11,0.0502939255388635
"Dry","Kaua'i","Historical Rate: Fire Plantation","Historical Year: Fire",11,11,0
"Dry","Kaua'i","Historical Rate: Fire Agriculture","Historical Year: Fire",11,11,0.050105857445307
"Dry","Kaua'i","Historical Rate: Fire WoodyCrop","Historical Year: Fire",11,11,0
"Mesic","Kaua'i","Historical Rate: Fire Forest","Historical Year: Fire",11,11,0
"Mesic","Kaua'i","Historical Rate: Fire Grassland","Historical Year: Fire",11,11,0
"Mesic","Kaua'i","Historical Rate: Fire Shrubland","Historical Year: Fire",11,11,0
"Mesic","Kaua'i","Historical Rate: Fire Plantation","Historical Year: Fire",11,11,0
"Mesic","Kaua'i","Historical Rate: Fire Agriculture","Historical Year: Fire",11,11,0
"Mesic","Kaua'i","Historical Rate: Fire WoodyCrop","Historical Year: Fire",11,11,0
"Wet","Kaua'i","Historical Rate: Fire Forest","Historical Year: Fire",11,11,0
"Wet","Kaua'i","Historical Rate: Fire Grassland","Historical Year: Fire",11,11,0
"Wet","Kaua'i","Historical Rate: Fire Shrubland","Historical Year: Fire",11,11,0
"Wet","Kaua'i","Historical Rate: Fire Plantation","Historical Year: Fire",11,11,0
"Wet","Kaua'i","Historical Rate: Fire Agriculture","Historical Year: Fire",11,11,0
"Dry","Lana'i","Historical Rate: Fire Forest","Historical Year: Fire",11,11,0
"Dry","Lana'i","Historical Rate: Fire Grassland","Historical Year: Fire",11,11,0
"Dry","Lana'i","Historical Rate: Fire Shrubland","Historical Year: Fire",11,11,0
"Dry","Lana'i","Historical Rate: Fire Agriculture","Historical Year: Fire",11,11,0
"Mesic","Lana'i","Historical Rate: Fire Forest","Historical Year: Fire",11,11,0
"Mesic","Lana'i","Historical Rate: Fire Grassland","Historical Year: Fire",11,11,0
"Mesic","Lana'i","Historical Rate: Fire Shrubland","Historical Year: Fire",11,11,0
"Wet","Lana'i","Historical Rate: Fire Forest","Historical Year: Fire",11,11,0
"Wet","Lana'i","Historical Rate: Fire Grassland","Historical Year: Fire",11,11,0
"Wet","Lana'i","Historical Rate: Fire Shrubland","Historical Year: Fire",11,11,0
"Dry","Maui","Historical Rate: Fire Forest","Historical Year: Fire",11,11,0.0309183202584218
"Dry","Maui","Historical Rate: Fire Grassland","Historical Year: Fire",11,11,0.103051922314705
"Dry","Maui","Historical Rate: Fire Shrubland","Historical Year: Fire",11,11,0.0794788273615635
"Dry","Maui","Historical Rate: Fire Agriculture","Historical Year: Fire",11,11,0.200311769290725
"Dry","Maui","Historical Rate: Fire WoodyCrop","Historical Year: Fire",11,11,0
"Mesic","Maui","Historical Rate: Fire Forest","Historical Year: Fire",11,11,0
"Mesic","Maui","Historical Rate: Fire Grassland","Historical Year: Fire",11,11,0
"Mesic","Maui","Historical Rate: Fire Shrubland","Historical Year: Fire",11,11,0.000777000777000777
"Mesic","Maui","Historical Rate: Fire Agriculture","Historical Year: Fire",11,11,0
"Mesic","Maui","Historical Rate: Fire WoodyCrop","Historical Year: Fire",11,11,0
"Wet","Maui","Historical Rate: Fire Forest","Historical Year: Fire",11,11,0
"Wet","Maui","Historical Rate: Fire Grassland","Historical Year: Fire",11,11,0
"Wet","Maui","Historical Rate: Fire Shrubland","Historical Year: Fire",11,11,0
"Wet","Maui","Historical Rate: Fire Agriculture","Historical Year: Fire",11,11,0
"Dry","Moloka'i","Historical Rate: Fire Forest","Historical Year: Fire",11,11,0
"Dry","Moloka'i","Historical Rate: Fire Grassland","Historical Year: Fire",11,11,0
"Dry","Moloka'i","Historical Rate: Fire Shrubland","Historical Year: Fire",11,11,0
"Dry","Moloka'i","Historical Rate: Fire Agriculture","Historical Year: Fire",11,11,0
"Dry","Moloka'i","Historical Rate: Fire WoodyCrop","Historical Year: Fire",11,11,0
"Mesic","Moloka'i","Historical Rate: Fire Forest","Historical Year: Fire",11,11,0
"Mesic","Moloka'i","Historical Rate: Fire Grassland","Historical Year: Fire",11,11,0
"Mesic","Moloka'i","Historical Rate: Fire Shrubland","Historical Year: Fire",11,11,0
"Mesic","Moloka'i","Historical Rate: Fire Plantation","Historical Year: Fire",11,11,0
"Wet","Moloka'i","Historical Rate: Fire Forest","Historical Year: Fire",11,11,0
"Wet","Moloka'i","Historical Rate: Fire Grassland","Historical Year: Fire",11,11,0
"Wet","Moloka'i","Historical Rate: Fire Shrubland","Historical Year: Fire",11,11,0
"Wet","Moloka'i","Historical Rate: Fire Plantation","Historical Year: Fire",11,11,0
"Dry","O'ahu","Historical Rate: Fire Forest","Historical Year: Fire",11,11,0.00465425531914894
"Dry","O'ahu","Historical Rate: Fire Grassland","Historical Year: Fire",11,11,0.0133333333333333
"Dry","O'ahu","Historical Rate: Fire Shrubland","Historical Year: Fire",11,11,0.00518403317781234
"Dry","O'ahu","Historical Rate: Fire Plantation","Historical Year: Fire",11,11,0
"Dry","O'ahu","Historical Rate: Fire Agriculture","Historical Year: Fire",11,11,0
"Dry","O'ahu","Historical Rate: Fire WoodyCrop","Historical Year: Fire",11,11,0
"Mesic","O'ahu","Historical Rate: Fire Forest","Historical Year: Fire",11,11,0.00339174674957603
"Mesic","O'ahu","Historical Rate: Fire Grassland","Historical Year: Fire",11,11,0
"Mesic","O'ahu","Historical Rate: Fire Shrubland","Historical Year: Fire",11,11,0.00911458333333333
"Mesic","O'ahu","Historical Rate: Fire Plantation","Historical Year: Fire",11,11,0
"Mesic","O'ahu","Historical Rate: Fire Agriculture","Historical Year: Fire",11,11,0
"Mesic","O'ahu","Historical Rate: Fire WoodyCrop","Historical Year: Fire",11,11,0
"Wet","O'ahu","Historical Rate: Fire Forest","Historical Year: Fire",11,11,0
"Wet","O'ahu","Historical Rate: Fire Grassland","Historical Year: Fire",11,11,0
"Wet","O'ahu","Historical Rate: Fire Shrubland","Historical Year: Fire",11,11,0
"Wet","O'ahu","Historical Rate: Fire Plantation","Historical Year: Fire",11,11,0
